time,Rel_L_HIP_pos,Rel_L_KNE_pos,Rel_L_HIP_vel,Rel_L_KNE_vel
0.0,-0.01808149893136565,0.21880394548091694,-0.04637421624920382,0.08997709975263381
0.0016290998196601867,-0.0185871496800292,0.21979899817958434,-0.06785185796898431,0.1330454759954784
0.0032581996393203734,-0.019155339598025175,0.22092564556244376,-0.08688140948026123,0.17182335289013867
0.0048872994589805605,-0.019815368532403003,0.22224554025712837,-0.10231593088220022,0.20430061460026064
0.006516399278640747,-0.02056171206049877,0.22376092056941438,-0.11387490569552003,0.23000894723137547
0.008145499098300934,-0.021343103420408557,0.22535995368558134,-0.1237152527867951,0.25272294533978934
0.009774598917961121,-0.022178536309324898,0.22709696515187175,-0.13060078161230032,0.2703030161582051
0.011403698737621306,-0.02303842059655031,0.22891156130841794,-0.135659044927025,0.2847329650794491
0.013032798557281493,-0.02391368713110453,0.23077582266717808,-0.13954100890974025,0.2971361903044359
0.01466189837694168,-0.024805078942579762,0.23272397944839887,-0.14119540976809802,0.3057435872261184
0.016290998196601868,-0.02569602564742881,0.23469653045423078,-0.14209288804805006,0.3130833510437794
0.017920098016262053,-0.026586383822405437,0.2367013360459375,-0.14198954647433226,0.31874702220167844
0.019549197835922242,-0.027464707600085653,0.23873526039925738,-0.14076938740526962,0.3225886721924463
0.021178297655582427,-0.028334784984385016,0.24077951882062026,-0.13908846016885895,0.32569418239768366
0.022807397475242613,-0.029186324049186176,0.24283831050550858,-0.13664706441201405,0.3276081340861113
0.0244364972949028,-0.030017325294219636,0.24490246901431972,-0.13372930344030792,0.3288223689601464
0.026065597114562987,-0.030835175325929942,0.24696963711459366,-0.13052335912631177,0.3296174361193362
0.027694696934223172,-0.03161781910629524,0.2490380654410071,-0.12681418181252216,0.32975020805694216
0.02932379675388336,-0.03238185566904111,0.25110530012539545,-0.12293658558632398,0.32970307864733517
0.030952896573543547,-0.03312370670308689,0.25317111162121547,-0.11885818219533094,0.32944145147758974
0.032581996393203735,-0.03382831172999019,0.2552333158103493,-0.1145684741088351,0.3290444955183337
0.03421109621286392,-0.034514994044630994,0.25729389408428216,-0.11020440169270845,0.32863282057223847
0.035840196032524106,-0.035168837409170206,0.25935159463674295,-0.1057292660079383,0.3282406583986578
0.037469295852184295,-0.03579207933721915,0.2614077839460449,-0.10119947617404179,0.32796072200901477
0.039098395671844484,-0.036396835248315426,0.26346327046233764,-0.09664060469825037,0.32775659232480864
0.040727495491504666,-0.03695922292552289,0.2655191993725046,-0.09205352197128251,0.32780448899438364
0.042356595311164855,-0.03749953634545447,0.2675770489837533,-0.087468893240239,0.3280213449030588
0.043985695130825044,-0.038016094356065996,0.2696369655746428,-0.08288690539884926,0.3284200278074545
0.045614794950485225,-0.03849226725613869,0.27170402195597043,-0.07833040339212417,0.32917900027249375
0.047243894770145414,-0.03895011633792458,0.27377563608937827,-0.07378970267130264,0.33011355818154325
0.0488729945898056,-0.03937601991854164,0.2758560962950011,-0.06927944336644333,0.3313625002253219
0.050502094409465785,-0.039770829852864356,0.27794852162068995,-0.06480399758319344,0.33293722396996084
0.052131194229125974,-0.04014761946147442,0.28004839119133074,-0.06034892814357006,0.33470255047764397
0.05376029404878616,-0.04048481126504634,0.28216798352142275,-0.05593995459182658,0.3368985591883252
0.055389393868446345,-0.04079988317811958,0.28430116599901367,-0.051555594547854175,0.3393395272106361
0.057018493688106534,-0.041093461235330885,0.2864475539972877,-0.04719515140294231,0.3420185217338703
0.05864759350776672,-0.04134764049093316,0.28862276137400583,-0.0428736176987743,0.34513484358100505
0.060276693327426904,-0.04158443430362738,0.2908122593295902,-0.0385668058547951,0.3484425004981965
0.06190579314708709,-0.041791984109564896,0.29302653286049124,-0.034283610508416475,0.3520712313278381
0.06353489296674728,-0.04196876305998243,0.29527033278794396,-0.030018544209401036,0.3560302565769342
0.06516399278640747,-0.04212830737510499,0.2975312508732448,-0.025762319022717747,0.3601723896951142
0.06679309260606765,-0.04225082412323833,0.2998316684640737,-0.021518932180293868,0.36469906254103535
0.06842219242572783,-0.04235075265027045,0.3021584530305925,-0.01727763820559988,0.36945053212860934
0.07005129224538803,-0.042430865761785626,0.3045083679081205,-0.013038180189722826,0.3743992036482322
0.07168039206504821,-0.0424711480309624,0.3069084668715755,-0.008792248307258204,0.37972435252623327
0.0733094918847084,-0.0424941644649132,0.30933154601647034,-0.004539888800222037,0.3852046462203137
0.07493859170436859,-0.042489157245930845,0.31179228319761126,-0.000276035000116192,0.39093439035237637
0.07656769152402877,-0.042452042710953944,0.314298558763116,0.004008474815567721,0.39693111515957225
0.07819679134368897,-0.042397482753536435,0.3168300078708192,0.008305623368119663,0.4030688676740862
0.07982589116334915,-0.042306256774399836,0.3194158416268034,0.012634189386820973,0.4094891862538206
0.08145499098300933,-0.04219060721017137,0.3220392532593336,0.016988327359355588,0.4160825800165604
0.08308409080266953,-0.042055628122884485,0.3246924050970158,0.021362703706781228,0.42281295042413636
0.08471319062232971,-0.04187798390387728,0.32741316429184486,0.025788769214102735,0.4298191297890115
0.08634229044198989,-0.04168217452156989,0.3301633219834224,0.030239118643552932,0.43693254997532677
0.08797139026165009,-0.041458010000368195,0.3329594637511264,0.034727723432382986,0.444211807011591
0.08960049008131027,-0.04119860304457639,0.33581377314433886,0.03926777221491463,0.45167589900227423
0.09122958990097045,-0.04092061159384846,0.33869893065059625,0.0438356434527843,0.4592326061879313
0.09285868972063065,-0.040604610883527445,0.34164762440468804,0.04846219021573999,0.46696633804420606
0.09448778954029083,-0.0402611578305545,0.3446425951224784,0.053132721263161424,0.4748123506909147
0.09611688935995101,-0.03989812810700186,0.34767056662585716,0.05783461815278398,0.4827384324258835
0.0977459891796112,-0.039487820490543106,0.3507786069760893,0.06261389096105927,0.49083209597221766
0.09937508899927139,-0.039057828396689045,0.3539200286387503,0.06742560984750635,0.4989855305949022
0.10100418881893157,-0.03859837369555272,0.3571114153926719,0.07228590177870782,0.507228009869343
0.10263328863859177,-0.038099427049233844,0.36036967392894603,0.0772109622214828,0.515570143269185
0.10426238845825195,-0.037580293120344534,0.3636620455594448,0.08216885003269826,0.5239583383881468
0.10589148827791213,-0.03702118002644274,0.36702184082703576,0.08719121130146865,0.5324283968154566
0.10752058809757233,-0.03643097389671387,0.37043374678996344,0.09226233647036955,0.5409480253355953
0.10914968791723251,-0.035820082116291944,0.37388031091790375,0.09736585904876707,0.5495003105157777
0.11077878773689269,-0.03515811729385967,0.3774117734119187,0.10254643477595242,0.5581119458766639
0.11240788755655289,-0.034474100918877704,0.3809795311458117,0.10775866222492875,0.566740112975714
0.11403698737621307,-0.03375956452439736,0.3845975225957334,0.11301469661965372,0.5753911605032492
0.11566608719587325,-0.033001086403376706,0.3882870187418217,0.11833004207493725,0.5840578305774659
0.11729518701553344,-0.032220864526746336,0.3920116421141045,0.12367353997130376,0.5927275505975461
0.11892428683519363,-0.031399069592062415,0.39580305855366765,0.12906913836154224,0.6013963515751576
0.12055338665485381,-0.03054262024020543,0.3996493801444421,0.1345044811370887,0.6100518111496839
0.122182486474514,-0.029664032055648937,0.40353072553878255,0.13996496114013918,0.6186979780038175
0.12381158629417419,-0.028732480341762727,0.4074947291143816,0.14548008412723729,0.6273052222962753
0.12544068611383438,-0.0277761572951082,0.41149677504205684,0.15101771354290935,0.6358858715023763
0.12706978593349455,-0.026788936672097512,0.41554627164543967,0.15658341549314678,0.6444333483426993
0.12869888575315475,-0.02575402182192041,0.4196677748745932,0.1621862310254374,0.6529139129299014
0.13032798557281494,-0.024696285998077227,0.4238233441465592,0.1678048292056053,0.6613578262320052
0.1319570853924751,-0.023596492127892162,0.42804127816904514,0.17345038872067897,0.6697292067721758
0.1335861852121353,-0.022459226859602412,0.432313734467694,0.17911459772701985,0.6780241360322556
0.1352152850317955,-0.021298958914645956,0.4366195540406839,0.18478969931555575,0.6862709744590384
0.13684438485145567,-0.020085466249445058,0.4410012957500099,0.19048334643312997,0.6943926489502271
0.13847348467111587,-0.018845127613047605,0.44542054331699527,0.19618218811492966,0.7024429056551125
0.14010258449077606,-0.01757457588364248,0.4498820008661601,0.2018868758825696,0.710412787088633
0.14173168431043623,-0.016254046852168465,0.4544117738832198,0.20759321276348447,0.7182343433176815
0.14336078413009642,-0.014910416642043425,0.45897262941721173,0.2132976555020457,0.7259824097041485
0.14498988394975662,-0.013525784949878394,0.46358826221751676,0.2189966441064433,0.7335961592801897
0.1466189837694168,-0.012102179683456183,0.46825472379206273,0.22468376046050298,0.7410701499465151
0.14824808358907698,-0.0106555776019441,0.4729510092608928,0.23036295973789972,0.7484600613687914
0.14987718340873718,-0.009157560721362248,0.4777126669626713,0.23601737972114703,0.7556494711695083
0.15150628322839735,-0.007631676625659418,0.4825088168229439,0.241653261578298,0.7627213211529357
0.15313538304805754,-0.006077477288868997,0.48734001337802085,0.24727030726874036,0.7696737212898572
0.15476448286771774,-0.004473080192980208,0.4922315909308102,0.2528444446129293,0.7763980096227977
0.15639358268737794,-0.002846293776366781,0.4971494895150206,0.2583961312735783,0.7830149137809179
0.1580226825070381,-0.0011812615841430274,0.5021120099280394,0.2639076208596643,0.7894452381988721
0.1596517823266983,0.0005224976114899875,0.5071182574472707,0.26937053014794304,0.7956732967573614
0.1612808821463585,0.0022482205176536643,0.5121490592197344,0.2748045682288379,0.8017844145012463
0.16290998196601866,0.004021353274327559,0.5172315309736885,0.28016912192423893,0.8076310136185663
0.16453908178567886,0.005822005940468567,0.5223428632705038,0.2854872972108817,0.8133138673542638
0.16616818160533905,0.007647906229973878,0.527480673129577,0.2907629234986635,0.8188464959692072
0.16779728142499922,0.009521784154169235,0.5326667201785852,0.295946709816356,0.8240750873030278
0.16942638124465942,0.011416274652704317,0.5378727214532132,0.3010870167938558,0.8291662332678412
0.17105548106431961,0.013344635662573337,0.5431112256499574,0.306154385505818,0.8340289968959222
0.17268458088397978,0.01530946622210411,0.5483829529594264,0.31113407964684975,0.8386302732366991
0.17431368070363998,0.01729416457582988,0.553672424124727,0.3160642089125716,0.843086005900426
0.17594278052330017,0.019320228208276495,0.5589974302409836,0.3208840026686366,0.8472264623420874
0.17757188034296034,0.02137190955879363,0.5643430156649315,0.32562835561135145,0.8511593756401709
0.17920098016262054,0.02344480208112418,0.5697056405156559,0.33031024444038837,0.8549204456356997
0.18083007998228073,0.02556088392699606,0.5751003632815659,0.3348522681876552,0.8583095071174601
0.1824591798019409,0.027694785439863687,0.5805073083201211,0.33933170639825483,0.8615364926557032
0.1840882796216011,0.02985684180871185,0.5859333406478259,0.34371119136036726,0.864505518526596
0.1857173794412613,0.0320510444183265,0.5913788764824507,0.34796586771654386,0.8671610106498434
0.18734647926092146,0.03426204172386483,0.5968340718652851,0.35215292566142187,0.8696483604923688
0.18897557908058166,0.03650671655547916,0.6023070649781402,0.3561972358126935,0.8717856772308437
0.19060467890024185,0.038773529267548304,0.6077898424163168,0.36013921949684063,0.8736774588236366
0.19223377871990202,0.04105686830820203,0.6132799240304992,0.3640048146205715,0.8753859439845553
0.19386287853956222,0.04337619489579872,0.6187824450933056,0.36768911383087344,0.8766677711624319
0.1954919783592224,0.04570969961054084,0.6242884239860818,0.3712959366338039,0.8777702377885315
0.19712107817888258,0.04806474123903711,0.6297995205211157,0.37478450532894375,0.878599198092537
0.19875017799854278,0.05044572085747202,0.6353136116058298,0.37811774976608614,0.8790744291682475
0.20037927781820297,0.05283964698433578,0.6408283662632693,0.381370181573096,0.8793668306634621
0.20200837763786314,0.05525851014378891,0.6463425243751919,0.38445954521729614,0.8792929266804851
0.20363747745752334,0.05769462005083261,0.6518535011114734,0.38742550974013157,0.8789451540271497
0.20526657727718353,0.06014240505812315,0.6573623082888944,0.3903078805176635,0.8784118712321725
0.2068956770968437,0.06261684189856068,0.6628612172071069,0.3929810213744727,0.8774190899493367
0.2085247769165039,0.06510132641905392,0.6683541807275003,0.3955672897091218,0.8762372419707625
0.2101538767361641,0.06760037222587775,0.6738385280658978,0.39802766075579665,0.8747813949917234
0.21178297655582426,0.07011768639529867,0.6793072545691101,0.4003132191450929,0.8729479798732105
0.21341207637548446,0.07264362614975034,0.6847671865159223,0.402511405956715,0.8709264910650963
0.21504117619514465,0.075185426909949,0.6902084807475043,0.40454053383584454,0.8685421335923842
0.21667027601480482,0.07773853066251966,0.6956320119881114,0.4064343463388613,0.8658687523674053
0.21829937583446501,0.08029891474293954,0.7010438715441664,0.40824025834057426,0.8630076693679646
0.2199284756541252,0.08287479656581918,0.7064235796738204,0.4098354979419633,0.8596982048592364
0.22155757547378538,0.08545666273097706,0.7117869370826349,0.41133701019266267,0.8561897022440165
0.22318667529344557,0.08804633934285833,0.7171289543962364,0.4127161944672783,0.8524214256295152
0.22481577511310577,0.09064578908857214,0.7224355342909983,0.41391546436842913,0.8482714295433007
0.22644487493276594,0.09324944044964259,0.7277239028718705,0.41502842596724876,0.8439382661701327
0.22807397475242613,0.09586029482940267,0.7329769327684476,0.4159810268407129,0.8392647170683973
0.22970307457208633,0.09847597677583989,0.7381967327917588,0.4167979263230194,0.8343025976668074
0.2313321743917465,0.10109456016932976,0.7433955572377167,0.4175303426681548,0.829160747015557
0.2329612742114067,0.10371823554134989,0.7485418229827326,0.4180686206877415,0.8236047154481542
0.2345903740310669,0.10634346142377034,0.7536605853493642,0.4185146693119448,0.8178509862297173
0.23621947385072706,0.1089705123861409,0.7587469739476888,0.41885215625199884,0.8118645504012095
0.23784857367038725,0.11159878975178233,0.763777953926696,0.4190205222039094,0.8055133135863318
0.23947767349004745,0.11422713000967293,0.7687818546632139,0.41911119213713344,0.7989936058969778
0.24110677330970762,0.11685511947650948,0.7737359182276478,0.41906317925166936,0.7921723759735451
0.2427358731293678,0.11948154698727301,0.7786412354132923,0.41889139558694743,0.785079431672304
0.244364972949028,0.12210689580877021,0.7835169690852758,0.4186458463457345,0.7778241906447781
0.24599407276868818,0.1247284894509534,0.7883226016221155,0.4182378750177656,0.7702082418963093
0.24762317258834837,0.12734728505038204,0.7930894554199088,0.41774796345444726,0.762407828680892
0.24925227240800857,0.12996310772938408,0.7978151068074654,0.41717099039107,0.7544114219693417
0.25088137222766876,0.13257236122212757,0.8024663005973466,0.4164507174248723,0.7460872651065162
0.25251047204732896,0.13517817409739227,0.8070825524317192,0.4156676999234822,0.7376176953504358
0.2541395718669891,0.13777770746970222,0.8116373188807882,0.4147771100037496,0.7288975363254683
0.2557686716866493,0.14036999704004582,0.8161286215475567,0.4137858495823078,0.7199378566060008
0.2573977715063095,0.14295795369375364,0.8205828593115148,0.4127373062549242,0.7108410565819311
0.2590268713259697,0.14553544865524218,0.8249530593517354,0.411568308025967,0.7014506111209333
0.2606559711456299,0.14810633714391377,0.829273721460666,0.4103354215305467,0.6919000023954592
0.2622850709652901,0.15067088754772642,0.8335468581167658,0.4090412422294884,0.6821957370381285
0.2639141707849502,0.15322252998615388,0.8377283979632776,0.40764132503951417,0.6722177156276845
0.2655432706046104,0.1557681218070082,0.8418684951584285,0.4061977787843474,0.6621234100079463
0.2671723704242706,0.15830341594234393,0.8459386836209843,0.4046824572290158,0.6518362237060246
0.2688014702439308,0.16082701707091437,0.8499322558773307,0.4030977199928375,0.6413542361744453
0.270430570063591,0.16334397869896683,0.8538827271494929,0.4014755469089971,0.6307655547059087
0.2720596698832512,0.16584619018800015,0.857739229957888,0.3997789667385457,0.6199571798107106
0.27368876970291134,0.168338903150776,0.861536530299933,0.39804190895817226,0.6090218705022242
0.27531786952257153,0.1708233897113465,0.8652825570773708,0.39626979467634865,0.5979766269250867
0.27694696934223173,0.17329058077387688,0.8689225484399667,0.39443603973812014,0.5867235574347593
0.2785760691618919,0.1757501336062482,0.8725161817911246,0.39257918613994897,0.5753865832593754
0.2802051689815521,0.17819730406597067,0.8760347901815403,0.3906859935815148,0.5639157043412588
0.2818342688012123,0.18062990590264869,0.8794657937269269,0.3887584088747667,0.5523030922975177
0.28346336862087246,0.18305459462312088,0.8828492840400781,0.3868137767073359,0.5406165570530915
0.28509246844053265,0.1854626153104753,0.8861329249836883,0.38483861135803427,0.5287843862460259
0.28672156826019285,0.18785939427447346,0.8893492459076799,0.38284837852843945,0.5168642734882343
0.28835066807985305,0.1902473906420995,0.892512973066345,0.38084637422986545,0.5048754560814378
0.28997976789951324,0.1926158615157235,0.8955594413345676,0.37882718907458324,0.49275053208336256
0.29160886771917344,0.19497611482215013,0.8985562961457452,0.37680404783440447,0.480574367333958
0.2932379675388336,0.19732361649415572,0.9014761264424223,0.37477522367912935,0.46831953078457006
0.2948670673584938,0.19965535134440798,0.9042998981864605,0.37274587125909336,0.4559793999742878
0.29649616717815397,0.20197887607876383,0.9070733973131431,0.37071769036602975,0.443597526591145
0.29812526699781416,0.20428585179611286,0.9097449343191417,0.36869546472586057,0.43113815122841204
0.29975436681747436,0.20658104298074123,0.9123428594340163,0.3666819259186469,0.41863183857577985
0.30138346663713456,0.20886794016000382,0.9148889761798656,0.3646745009422363,0.4060924912544415
0.3030125664567947,0.21113513579709864,0.9173100219380752,0.36268875933228145,0.39348806892912913
0.3046416662764549,0.2133943990190712,0.9196797885610483,0.3607144805315373,0.38086261481022243
0.3062707660961151,0.21564186068240246,0.9219732360102612,0.35875733849836405,0.36820602702852967
0.3078998659157753,0.21787389484869382,0.9241648204190844,0.35682785989834953,0.3555188413213935
0.3095289657354355,0.22009822157158443,0.9263049149212885,0.3549134973937561,0.34281890281106087
0.3111580655550957,0.2223076220718786,0.9283441622329051,0.3530308529768166,0.33009904692689707
0.31278716537475587,0.22450576574046002,0.9303054140199029,0.3511757729161448,0.3173714553613007
0.314416265194416,0.22669647216174632,0.9322150748980513,0.3493390035241447,0.30463895664957774
0.3160453650140762,0.22886960670832035,0.9339996112843096,0.3475508197025055,0.29190579096555636
0.3176744648337364,0.23103540744467913,0.9357303650215616,0.345785182964625,0.2791771500556694
0.3193035646533966,0.23319118991953616,0.9373876496307368,0.34405034639399235,0.2664546901579969
0.3209326644730568,0.2353330785395602,0.9389397794624089,0.34236243412793715,0.25375002977720934
0.322561764292717,0.23746830600350077,0.9404405200887066,0.3406981368933174,0.2410564544043467
0.32419086411237713,0.2395911132920161,0.9418440483537879,0.3390794702055647,0.22838719609261637
0.3258199639320373,0.24170398584714847,0.9431669981273207,0.3375001845880257,0.21574427104357075
0.3274490637516975,0.24381057717323848,0.9444388021945792,0.33594597980977725,0.20311845324488098
0.3290781635713577,0.24590287365827157,0.9455902193213758,0.3344524879636204,0.19054070486357283
0.3307072633910179,0.24798876514523294,0.9466855177263884,0.332987965177988,0.17798920040918942
0.3323363632106781,0.2500667700509387,0.9477117162106283,0.33155911248111514,0.16547001054098281
0.33396546303033825,0.2521331379270937,0.9486316348864322,0.330186001849626,0.15300735307440316
0.33559456284999845,0.2541941502769129,0.9495012849664961,0.3288394075296364,0.1405733611742521
0.33722366266965864,0.25624553427851454,0.9502791048896388,0.327541410761697,0.12819374587669388
0.33885276248931884,0.25828873761860494,0.9509753007152562,0.3262867134011404,0.11586705259199288
0.34048186230897903,0.2603269903129782,0.9516217174644309,0.32505840479567044,0.1035730720962278
0.34211096212863923,0.26235435996626055,0.952154343954565,0.32389021825753317,0.09135881620259158
0.34374006194829937,0.2643764953711714,0.9526295313904143,0.3227520701920365,0.0791875818091839
0.34536916176795956,0.2663928149445586,0.9530408976548369,0.3216472982072513,0.06706414908269623
0.34699826158761976,0.26839996778315267,0.9533465410197095,0.3205969087529805,0.055024610132989586
0.34862736140727996,0.2704030652606344,0.9536037308832269,0.31957104876225406,0.04302490117371315
0.35025646122694015,0.27239912255962767,0.9537754820188179,0.31858814249489203,0.031096473322979077
0.35188556104660035,0.274388804127428,0.9538657395778758,0.3176450169947612,0.019239058053076383
0.3535146608662605,0.27637478893333417,0.9539081817651008,0.31672504017271896,0.007423678229731534
0.3551437606859207,0.27835289078806347,0.9538444360936457,0.31585504813787496,-0.004295611814829918
0.3567728605055809,0.280326909974393,0.9537227170680335,0.3150111787035117,-0.01596069959922575
0.3584019603252411,0.28229683344865397,0.95354283946988,0.3141935153284167,-0.02757141195329674
0.36003106014490127,0.2842598063649021,0.9532589435617702,0.31342036267631385,-0.039082094305257484
0.36166015996456147,0.28621980761947474,0.9529287976593749,0.31266611633884217,-0.05054747155736419
0.3632892597842216,0.28817481787300664,0.9525199913572056,0.31194355530135837,-0.061935355392175734
0.3649183596038818,0.29012496680488775,0.9520306101565518,0.3112512455824079,-0.0732422107963716
0.366547459423542,0.29207240574560783,0.9514956825208316,0.3105756423586265,-0.0845030284503916
0.3681765592432022,0.2940141949094086,0.9508624808780686,0.30993403845471573,-0.09566328972657928
0.3698056590628624,0.29595279910203365,0.9501713084503792,0.309310668430534,-0.10676336910576976
0.3714347588825226,0.29788851842715,0.9494276275305686,0.30870381420014936,-0.11780893722263411
0.3730638587021827,0.2998188799159764,0.948582288499978,0.308125558740652,-0.12874770470001776
0.3746929585218429,0.30174699644940983,0.9476930437536438,0.30755839311981936,-0.13963997607584602
0.3763220583415031,0.30367145809621215,0.9467318498163955,0.3070089627886982,-0.15045592518089215
0.3779511581611633,0.3055920194797853,0.9456914442279545,0.30647618540619764,-0.16118720027908356
0.3795802579808235,0.3075104723561956,0.9446078424063229,0.3059519125951868,-0.17187220178876014
0.3812093578004837,0.30942457614280805,0.9434337112071324,0.30544327511319863,-0.18245985042028054
0.38283845762014385,0.311335957934429,0.9422019330510505,0.3049423685664333,-0.19298522385446432
0.38446755743980404,0.31324511479101336,0.9409230347736836,0.3044477812188935,-0.2034596940838681
0.38609665725946424,0.3151496393338157,0.9395451215344082,0.30396256194114396,-0.21382683497478056
0.38772575707912443,0.31705221970191777,0.9381256236773768,0.30347979133481506,-0.22414879805032742
0.38935485689878463,0.31895173465716603,0.9366405530840148,0.3030005885017587,-0.23439950244798624
0.3909839567184448,0.320847590919351,0.9350778370198495,0.3025224483472926,-0.2445656663900933
0.39261305653810497,0.32274150643626676,0.9334742203189361,0.3020441650525747,-0.25468726798453145
0.39424215635776516,0.32463143559178315,0.9317873953013549,0.30156360451957265,-0.26471812795989236
0.39587125617742536,0.32651855810558944,0.9300434287534362,0.3010791261265786,-0.27468657693274684
0.39750035599708555,0.32840361256760936,0.9282573579200056,0.3005917608893799,-0.28460903885112226
0.39912945581674575,0.33028377996312597,0.9263749945249756,0.3000938310514043,-0.2944261419967471
0.40075855563640594,0.3321618724934624,0.9244532726254069,0.2995900495826836,-0.30420008751493177
0.4023876554560661,0.3340368158068683,0.9224719240492434,0.2990772866491099,-0.31390864373185307
0.4040167552757263,0.33590755669841066,0.9204145937055562,0.29855000192944947,-0.3235336201165006
0.4056458550953865,0.33777610248210704,0.9183185592290358,0.2980145766217913,-0.33311593786491095
0.40727495491504667,0.33964020161718855,0.9161461610998279,0.2974615105072646,-0.342613910909754
0.40890405473470687,0.3415008219591646,0.913917269235692,0.2968931847165762,-0.3520491484159943
0.41053315455436706,0.3433590966712698,0.911650321909436,0.2963145570543043,-0.3614421212630268
0.41216225437402726,0.3452113379567949,0.9092910501610902,0.29570747029489813,-0.37073185628805944
0.4137913541936874,0.3470609500898135,0.9068939710845895,0.29508733047257957,-0.3799789462563364
0.4154204540133476,0.34890680192331724,0.9044428187364252,0.2944485217347002,-0.389165043875997
0.4170495538330078,0.35074715355623937,0.9019174837633561,0.2937814532714435,-0.3982665724337195
0.418678653652668,0.35258469389691827,0.8993555771847336,0.2930997714636441,-0.4073261177960638
0.4203077534723282,0.354416701596831,0.8967237725315899,0.2923890696464877,-0.4163049564150917
0.4219368532919884,0.35624400451503835,0.8940363292800217,0.29165345396072373,-0.42521858206845964
0.4235659531116485,0.35806825328883407,0.8913129595990562,0.2909016648579594,-0.4340900416188247
0.4251950529313087,0.35988482885402207,0.8885046674732915,0.2901092308786567,-0.4428602229476868
0.4268241527509689,0.36169774847163905,0.885658502122053,0.2892975751378522,-0.4515843347091011
0.4284532525706291,0.36350595805461183,0.8827635438927404,0.28846115559482055,-0.46024909407157727
0.4300823523902893,0.365306737294732,0.8797965004416209,0.2875862137612628,-0.4688241965740259
0.4317114522099495,0.36710382524139007,0.8767950460666493,0.28669236667124565,-0.4773558504418842
0.43334055202960964,0.36889391509016706,0.8737299632147205,0.2857629450113108,-0.48580638738449056
0.43496965184926983,0.3706776243678504,0.8706104577011595,0.28480187597579104,-0.4941856364234142
0.43659875166893003,0.3724573427019039,0.8674572180289021,0.28382109552671375,-0.502520512062189
0.4382278514885902,0.374227374341807,0.8642263852958902,0.2827936403562198,-0.5107507080639146
0.4398569513082504,0.37599242026398555,0.8609580011932241,0.2817429383968489,-0.5189286092889028
0.4414860511279106,0.3777516724383254,0.8576459798092704,0.280665222065576,-0.5270457403767855
0.44311515094757076,0.37950113172716404,0.8542645178697265,0.27954347846603145,-0.5350628293978482
0.44474425076723095,0.38124587956683603,0.8508509545807552,0.2784011168687013,-0.5430325352165658
0.44637335058689115,0.3829820479023414,0.84738004046838,0.2772216869991709,-0.5509165892189617
0.44800245040655134,0.38470987465726636,0.8438564910154421,0.276007731287232,-0.5587189973623397
0.44963155022621154,0.3864326740767129,0.8403015865159233,0.27477316510495536,-0.5664723709046521
0.45126065004587174,0.38814372324624385,0.8366766008081755,0.27349215063792676,-0.5741126374736405
0.4528897498655319,0.3898482746164647,0.8330149367737445,0.27218667911217437,-0.5816912108086574
0.4545188496851921,0.3915460096678015,0.8293147964554395,0.2708555516522703,-0.5892050667315674
0.45614794950485227,0.3932314125985421,0.8255486907127524,0.26948036128861275,-0.5966031163209266
0.45777704932451246,0.39491107788303065,0.8217530619077498,0.2680854873223605,-0.6039476220422788
0.45940614914417266,0.39658071447079174,0.8179065371722292,0.2666567032598831,-0.6111987431344899
0.46103524896383286,0.3982399683349423,0.8140099620075678,0.2651948028327962,-0.618353767360543
0.462664348783493,0.39989319262810485,0.8100847118108395,0.2637139861280037,-0.6254530442632511
0.4642934486031532,0.4015328491439652,0.8060972701738469,0.26219248711796406,-0.6324272311685645
0.4659225484228134,0.40316446434297265,0.8020747446356034,0.2606484040541543,-0.639327419039959
0.4675516482424736,0.4047884627667005,0.7980189874517646,0.25908292926239435,-0.6461575146587296
0.4691807480621338,0.4063976896010833,0.7939018310404606,0.2574787505455498,-0.652851684073235
0.470809847881794,0.40800027268397837,0.7897580911656183,0.2558581586019954,-0.6594846398367358
0.4724389477014541,0.40959171093659025,0.7855701820335887,0.2542104425290285,-0.6660148779067676
0.4740680475211143,0.411170860438326,0.7813358023072349,0.2525350807268874,-0.6724315037985635
0.4756971473407745,0.41274313215849723,0.7770758085196046,0.2508446649783061,-0.6787844481263268
0.4773262471604347,0.41430049417304177,0.7727619839943011,0.24912341473449082,-0.6849989350292901
0.4789553469800949,0.4158483966278383,0.768415535189259,0.247384293457277,-0.6911250788457444
0.4805844467997551,0.4173882108791819,0.7640411916598245,0.24562989191777845,-0.6971756867095327
0.48221354661941523,0.4189111680481643,0.7596112926384359,0.24384661061058893,-0.7030678025951528
0.48384264643907543,0.42042679504401775,0.7551581575219551,0.24205186660842978,-0.7088905396015709
0.4854717462587356,0.4219306225399891,0.750667852367843,0.24023894839294269,-0.7146014798080491
0.4871008460783958,0.4234205806002854,0.7461357811299462,0.238407022887079,-0.7201798832255014
0.488729945898056,0.4249030550642985,0.7415815679253124,0.2365653358595908,-0.725686508050147
0.4903590457177162,0.42636988834715744,0.7369823293853156,0.23470481858718795,-0.7310422681626632
0.49198814553737635,0.42782610451721803,0.7323538806647392,0.23283325238174118,-0.7362945961860216
0.49361724535703655,0.4292741329138497,0.7277029054489699,0.2309531653889469,-0.7414671587846908
0.49524634517669675,0.4307037641806728,0.7230035730021576,0.22905687299612357,-0.7464585934089001
0.49687544499635694,0.43212565789796137,0.7182847518885279,0.22715488464420092,-0.7513730627432772
0.49850454481601714,0.4335356037234312,0.7135359427693148,0.22524423969731394,-0.7561685892013682
0.5001336446356773,0.4349305594451647,0.7087512350636749,0.22332502475331736,-0.7608131558541288
0.5017627444553375,0.43631771380735795,0.7039482446687758,0.22140188271598454,-0.7653787261023886
0.5033918442749977,0.4376891371952664,0.6991093441901072,0.21947209518292554,-0.7697839734007844
0.5050209440946579,0.4390491386309333,0.6942456209978688,0.21753914646410924,-0.7740713741791211
0.506650043914318,0.44040120644031355,0.6893646560829615,0.21560400200275345,-0.778276919401632
0.5082791437339782,0.44173398529802743,0.6844438438050738,0.21366625974016026,-0.7822809268758909
0.5099082435536384,0.44305891285867366,0.6795076329280255,0.21172853452559492,-0.7862018508575722
0.5115373433732986,0.4443722180320377,0.6745486418059055,0.20979085355837496,-0.789999766572433
0.5131664431929588,0.44566993497562407,0.6695607268401527,0.20785533467747327,-0.7936305215724389
0.514795543012619,0.4469598224775081,0.6645587057468008,0.20592143537387636,-0.797176731963239
0.5164246428322792,0.4482344715831532,0.6595299899590367,0.20399165076340908,-0.800557337746837
0.5180537426519394,0.44949728491173696,0.6544817617940908,0.20206657450125556,-0.8038075622236338
0.5196828424715996,0.45075231200187776,0.6494207381751099,0.20014464494461415,-0.8069719540983457
0.5213119422912598,0.4519886100403879,0.6443307689030596,0.19823249391722897,-0.8099271736869263
0.52294104211092,0.4532168157302482,0.6392291291718654,0.19632554612920713,-0.8127907471439997
0.5245701419305802,0.45443411038822146,0.6341117539901384,0.19442561394482089,-0.8155307527833113
0.5261992417502404,0.45563573356896653,0.6289734065355611,0.19253760027300354,-0.8180907547919276
0.5278283415699004,0.45682975514434876,0.6238253489085169,0.19065587223425726,-0.8205627137933437
0.5294574413895606,0.4580094935656098,0.6186596742411001,0.1887866394715703,-0.8228682514054257
0.5310865412092208,0.45917736193744085,0.6134806180548807,0.186929110738826,-0.8250334635197129
0.532715641028881,0.4603377395981547,0.6082932085189788,0.1850790596074813,-0.8271099734332654
0.5343447408485412,0.4614806509834461,0.6030879890246473,0.1832481205225605,-0.8289769398128097
0.5359738406682014,0.46261539456002865,0.5978753359285055,0.18142697973525032,-0.8307444417624772
0.5376029404878616,0.4637402097754951,0.5926536469347573,0.17961774924609586,-0.8323910399528596
0.5392320403075218,0.4648497256571798,0.5874197444958134,0.17782844447080146,-0.8338484774279965
0.540861140127182,0.4659520696309899,0.5821806438259376,0.17604894267125715,-0.8352163537596717
0.5424902399468422,0.46704140507289177,0.5769326465410192,0.1742876883528318,-0.8364208864289974
0.5441193397665024,0.4681191700067249,0.5716780935987982,0.1725437998930743,-0.8374778230349693
0.5457484395861626,0.4691899236425191,0.5664197160461986,0.17081055242981324,-0.8384450679192313
0.5473775394058227,0.47024482044252086,0.5611542667832569,0.16910262930185274,-0.8392067544123978
0.5490066392254829,0.4712917063988481,0.5558862404281536,0.16740825703913792,-0.83986286659368
0.5506357390451431,0.47232980454004037,0.5506153870288066,0.16572874993963588,-0.8404031648140998
0.5522648388648033,0.4733533464753685,0.5453417187899866,0.16407522090219415,-0.8407483558968345
0.5538939386844635,0.474370289856359,0.5400673920919942,0.1624338960593511,-0.841004008886651
0.5555230385041237,0.475375683980089,0.5347923656158101,0.16081424556581697,-0.8411021447293295
0.5571521383237839,0.4763700811888477,0.5295181869683225,0.15921623623420908,-0.841047587651006
0.558781238143444,0.47735807360052285,0.5242447187661979,0.15763096861234774,-0.8409037074674843
0.5604103379631042,0.4783320137731271,0.5189743442231167,0.15607463078207337,-0.8405610732026424
0.5620394377827644,0.47929829794890666,0.5137067953918193,0.1545347489955216,-0.8401080649418579
0.5636685376024246,0.48025699904211694,0.5084420453607654,0.15301116652846664,-0.8395457338660449
0.5652976374220848,0.4812021738358993,0.5031843889778287,0.15151788802379262,-0.8387845026919366
0.5669267372417449,0.48214141672455574,0.49793058273021046,0.15003831592167294,-0.837934656515621
0.5685558370614051,0.4830706473822295,0.4926836528170114,0.14858209131430236,-0.8369345310284024
0.5701849368810653,0.48398967191796516,0.48744546760951923,0.1471506097708661,-0.8357779151495361
0.5718140367007255,0.4849029785676752,0.482212485409785,0.14573314986309355,-0.8345330413677693
0.5734431365203857,0.48580411751693253,0.47699209909228746,0.1443463282685324,-0.8330974174751522
0.5750722363400459,0.4866981202457702,0.4717804382996863,0.1429781549846453,-0.8315473086441034
0.5767013361597061,0.4875857413394291,0.46657658039339744,0.14162665813568137,-0.8298948205327654
0.5783304359793663,0.48846108294385476,0.4613901620692083,0.14030844058512346,-0.8280405418094094
0.5799595357990265,0.4893312145554871,0.4562120452894648,0.13900477116987997,-0.8260988424773766
0.5815886356186867,0.4901928731425825,0.4510477281834587,0.13772490328164622,-0.8240143732057855
0.5832177354383469,0.49104528654874413,0.44590050594816727,0.13647194033184526,-0.821770004746593
0.5848468352580071,0.4918927147203069,0.44076291989479643,0.13523367013143,-0.8194385612619851
0.5864759350776672,0.4927298586024954,0.43564675134198033,0.13402639068627115,-0.8169243468864833
0.5881050348973274,0.4935605217861665,0.43054568518292885,0.13283932329124862,-0.8142916549033511
0.5897341347169875,0.4943859555877487,0.42545680539348596,0.13166856533149474,-0.8115633613924479
0.5913632345366477,0.49520051577374957,0.4203961303909617,0.13053288783228736,-0.8086303501130107
0.5929923343563079,0.4960106136254268,0.41534815056158003,0.1294120421558862,-0.805610997682078
0.5946214341759681,0.4968137256025348,0.41032025198103084,0.12831449632754102,-0.8024560468358094
0.5962505339956283,0.4976086796495852,0.4053182466475359,0.12724505914348225,-0.7991376613195694
0.5978796338152885,0.49839939807325745,0.40033025513638526,0.12619041340696377,-0.7957332343261017
0.5995087336349487,0.499181650408081,0.39537184361155614,0.12516587595747014,-0.7921535643883497
0.6011378334546089,0.49995817982751195,0.3904353863819312,0.12416232245749895,-0.7884513743146389
0.6027669332742691,0.5007305471266573,0.3855148959124545,0.12317403001172586,-0.7846600786875035
0.6043960330939293,0.5014935409907016,0.3806337995658883,0.12222112445706142,-0.7806610405311675
0.6060251329135894,0.50225281459539,0.3757697401297746,0.12128263915061638,-0.7765766972233775
0.6076542327332496,0.503006487076502,0.37093142085530595,0.12036588864957591,-0.7723637378478995
0.6092833325529098,0.5037531554708694,0.36612823834812264,0.11947701582715148,-0.7679840304458513
0.61091243237257,0.5044963203001535,0.36134339426075546,0.11860224290619896,-0.7635194124510533
0.6125415321922302,0.5052327010875554,0.35659564486936224,0.1177550943427814,-0.7588872596796989
0.6141706320118904,0.5059641643078341,0.35187716157732957,0.11692836635280791,-0.7541290995425916
0.6157997318315506,0.5066923350015524,0.3471783118421267,0.11611531573746946,-0.7492864999701498
0.6174288316512108,0.5074127743490714,0.342529471285259,0.11533487793732533,-0.7442383424927063
0.619057931470871,0.5081301091612593,0.33790242492343997,0.11456767942995169,-0.7391045658243668
0.6206870312905312,0.5088430618024227,0.3333061419061695,0.11381916869352698,-0.7338499343750299
0.6223161311101914,0.5095501293083236,0.32875462705301883,0.11309588179635333,-0.7284270671661289
0.6239452309298515,0.5102543548216757,0.3242256932928522,0.11238476140788076,-0.7229213936919295
0.6255743307495117,0.5109532440592832,0.3197406686492609,0.11169646299329643,-0.7172577854431512
0.6272034305691718,0.5116479722449763,0.31529260456831115,0.11102576528147075,-0.711466893192399
0.628832530388832,0.5123400339267944,0.3108683777411445,0.11036632605295219,-0.7055942223859947
0.6304616302084922,0.5130259756412029,0.3065026921280604,0.10973221034677166,-0.6995285196095206
0.6320907300281524,0.5137092326535095,0.30216458356290843,0.10910881404217507,-0.6933757711450664
0.6337198298478126,0.5143890754251,0.2978615458087125,0.10849905002002744,-0.6871123232730708
0.6353489296674728,0.5150639509213335,0.29361311341384944,0.10790809506509674,-0.6806839672335692
0.636978029487133,0.5157364958045509,0.2893913313714214,0.1073255744847983,-0.6741773410061077
0.6386071293067932,0.5164047852182487,0.28521941286053526,0.10675799798990392,-0.6675267544317625
0.6402362291264534,0.5170694674341472,0.2810923348887593,0.10620182650693671,-0.6607525470490445
0.6418653289461136,0.5177319292558026,0.2769930805369644,0.10565253586436672,-0.65390217859641
0.6434944287657738,0.5183893591473,0.27295982191788803,0.10511699318729101,-0.6468783268603885
0.645123528585434,0.5190443486551033,0.2689601207856661,0.10458687169684669,-0.6397705192386753
0.6467526284050941,0.5196965384076414,0.2649989188250066,0.10406296971846228,-0.6325663923645416
0.6483817282247543,0.5203442382669555,0.26110199211780316,0.1035463951732056,-0.6252095631156795
0.6500108280444145,0.5209898630999444,0.25723543520532777,0.10303227523072835,-0.617783204967064
0.6516399278640747,0.5216317904748872,0.2534235536832454,0.10252174416086698,-0.6102338331546163
0.6532690276837348,0.522270248927656,0.24966421200057978,0.10201207720572544,-0.6025728782631632
0.654898127503395,0.5229066416222884,0.24593625894587998,0.10150258728688306,-0.5948461203886997
0.6565272273230552,0.5235383551327809,0.2422802471434946,0.10099068120451632,-0.586975696073003
0.6581563271427154,0.524167520191877,0.23866364206230625,0.10047544704862235,-0.5790316146242327
0.6597854269623756,0.5247940457834551,0.23508785108521527,0.09995676595943234,-0.5710112454304942
0.6614145267820358,0.5254158216256016,0.23158523806923784,0.0994281216933723,-0.5628635545037542
0.663043626601696,0.5260354035875225,0.22811610087220796,0.09889360647870274,-0.5546608957942264
0.6646727264213562,0.5266511744118347,0.2247049283999516,0.09834815604043244,-0.5463649779402859
0.6663018262410163,0.5272629465967275,0.22135326074819003,0.09778830911022239,-0.5379812390519423
0.6679309260606765,0.527872397894632,0.21803583876859417,0.09721966186420064,-0.5295482480243855
0.6695600258803367,0.5284765970600493,0.21479425115886813,0.0966285696307255,-0.5210135990661918
0.6711891256999969,0.5290775844975,0.21159731253680317,0.09602181798636009,-0.5124252541658789
0.6728182255196571,0.5296755683745376,0.20844212898653253,0.09540042189292142,-0.5037866936159928
0.6744473253393173,0.530267495645607,0.2053674521228423,0.0947463285963987,-0.4950626415808854
0.6760764251589775,0.5308566281412388,0.20232841828778575,0.09407614404196606,-0.48630488187880444
0.6777055249786377,0.5314410644435423,0.19934870749861572,0.09337854111890335,-0.47749265305387617
0.6793346247982979,0.5320200553702831,0.19643402264161863,0.0926472023339366,-0.4686302772838822
0.6809637246179581,0.5325959623282425,0.1935553977478396,0.09189645492101217,-0.4597419372979295
0.6825928244376183,0.5331650068261099,0.1907538944298578,0.09110128976301335,-0.450805726495757
0.6842219242572785,0.5337294299292784,0.18800108663191992,0.09027527387552631,-0.44184679585705755
0.6858510240769385,0.5342899520316279,0.18528938358178404,0.08942321634285373,-0.4328686870034079
0.6874801238965987,0.5348418100174482,0.18266301780866548,0.08851214460262088,-0.42386424986832877
0.6891092237162589,0.5353897246613053,0.18007318960490187,0.08757395098342052,-0.41485369652743653
0.6907383235359191,0.5359312792469025,0.17754177508197747,0.08659195471886441,-0.4058345941795519
0.6923674233555793,0.5364648403611972,0.1750786879111757,0.08555471861060099,-0.3968168692312281
0.6939965231752395,0.536994000044007,0.17265210987946972,0.08448710567706705,-0.3878023857932258
0.6956256229948997,0.5375136710174956,0.1703009073660844,0.08335412470898217,-0.3788023179414255
0.6972547228145599,0.5380264360242935,0.16800062961247367,0.08217398200730762,-0.3698209481220453
0.6988838226342201,0.538533943960942,0.16573911761700602,0.08095793809832183,-0.3608538119172322
0.7005129224538803,0.5390287636518479,0.16356438850968893,0.07965641362886267,-0.35193424849387644
0.7021420222735405,0.5395179505930285,0.16142554930521272,0.07831756963769403,-0.3430405978886585
0.7037711220932007,0.5399984503370701,0.15934178955938944,0.07692123392556867,-0.3341874069354711
0.7054002219128608,0.5404672555311638,0.1573267366410154,0.07544915524410065,-0.32539788225179744
0.707029321732521,0.5409298214332591,0.1553470428753539,0.07393714433375015,-0.3166443569681594
0.7086584215521812,0.5413794463623937,0.1534377823773826,0.07234338066354772,-0.30797004912759346
0.7102875213718414,0.5418189942739864,0.1515793222993957,0.07068771273472549,-0.29936326356382487
0.7119166211915016,0.5422516345525865,0.1497556850899465,0.06898961043507525,-0.2908027634317319
0.7135457210111618,0.5426662429001858,0.14801623748818324,0.06718409415918719,-0.28237194765283197
0.715174820830822,0.5430730891678922,0.14631036166722597,0.06533385486401273,-0.2740001484500337
0.7168039206504822,0.5434685036379331,0.1446539148875256,0.06341775693102075,-0.2657152849006425
0.7184330204701423,0.5438475088624805,0.14306317046548195,0.061410465538334985,-0.2575608325709336
0.7200621202898025,0.544218048190974,0.14150496494669804,0.059357086067530124,-0.24947494582801075
0.7216912201094627,0.544571729675241,0.14000926023644159,0.05721355445597326,-0.24152775774013524
0.7233203199291229,0.5449114256538002,0.1385615625307255,0.054998230725724295,-0.23369877167749487
0.7249494197487831,0.5452419382176869,0.1371452430306197,0.052735889652599816,-0.22594750060229146
0.7265785195684432,0.545549250615653,0.13580264426097463,0.05035951755662451,-0.2183963525906208
0.7282076193881034,0.5458458632063374,0.13449151188834826,0.047932921316526676,-0.21093888416134224
0.7298367192077636,0.5461282359048032,0.1332222567281112,0.04543948402216939,-0.2036060896744302
0.7314658190274238,0.5463888319018098,0.13201225333007374,0.04284869448202544,-0.1964658940473602
0.733094918847084,0.5466385748713856,0.13083044568321345,0.0402108558836951,-0.1894220287666836
0.7347240186667442,0.5468675757504555,0.1297008325656421,0.03748496214979001,-0.18256270374867228
0.7363531184864044,0.5470782732076168,0.12861379374251025,0.034685514383224085,-0.17586658315052564
0.7379822183060646,0.5472774077168181,0.1275533918813503,0.03183993232756269,-0.16927354987572799
0.7396113181257248,0.5474484759802039,0.12655329742406057,0.028887956205095162,-0.16293048506387306
0.741240417945385,0.5476056274679971,0.12558080672761643,0.02588640708267984,-0.15671084499959353
0.7428695177650452,0.5477460788250794,0.12464144054418679,0.022825370360326565,-0.15063931463240315
0.7444986175847054,0.5478593028214315,0.12375188120673182,0.019673596613144318,-0.14480754918377034
0.7461277174043655,0.5479594275871693,0.12288503821067764,0.016480161762983125,-0.13909039173161147
0.7477568172240256,0.5480355194030712,0.12205869826207212,0.01321217017473215,-0.13358280239018638
0.7493859170436858,0.5480890682930208,0.12126731723569792,0.009879452731713161,-0.1282693617649774
0.751015016863346,0.54812891567687,0.12049685814807963,0.006507995823469908,-0.12307359258917369
0.7526441166830062,0.5481367882280772,0.1197719621849734,0.0030521444063576603,-0.11814911369738224
0.7542732165026664,0.5481276576347365,0.11906929398099944,-0.0004446291675759625,-0.11336639765650658
0.7559023163223266,0.5481001116755397,0.11839069969555413,-0.003985723748565968,-0.10873721878971171
0.7575314161419868,0.5480405178072127,0.1177504705698795,-0.0075964630611500715,-0.1043699418574896
0.759160515961647,0.5479660491704207,0.11712694311925899,-0.011237012671836473,-0.10012226651117787
0.7607896157813072,0.5478653763861863,0.11653208289443236,-0.014928359046937676,-0.0960839492848197
0.7624187156009674,0.5477385846091032,0.11596327501758419,-0.018664177614502776,-0.09224909771613876
0.7640478154206276,0.5475965205768519,0.11540935426369654,-0.022425091532822072,-0.08853238907453158
0.7656769152402877,0.5474201669622032,0.11488653660981121,-0.026236257550707343,-0.08507538932441688
0.7673060150599479,0.5472243012167437,0.11437976778980635,-0.03007136245420855,-0.08176164627494188
0.7689351148796081,0.5470093542077155,0.1138886934130284,-0.033929877624401104,-0.07858799652893099
0.7705642146992683,0.5467589104720213,0.11342400852360497,-0.03782341233574469,-0.07566615944241113
0.7721933145189285,0.5464925842651417,0.11297021536101733,-0.04172961292387091,-0.07285372087344588
0.7738224143385887,0.5461993888327523,0.1125344133664122,-0.04565581484807405,-0.07022480407321927
0.7754515141582489,0.545877741284897,0.11211570293092249,-0.04959624860488433,-0.06778226449059538
0.7770806139779091,0.5455400925034998,0.11170628513709385,-0.05354345774174906,-0.0654430682718498
0.7787097137975693,0.5451678608927601,0.11131542535966832,-0.05749944367347621,-0.06332018667982926
0.7803388136172295,0.5447746134888513,0.1109345933423744,-0.06145553405106654,-0.06132220667421628
0.7819679134368897,0.5443628116008832,0.11056261466285437,-0.06541171664212235,-0.05943450014128709
0.7835970132565498,0.543914054948013,0.11020623708028236,-0.0693587919060737,-0.05775429580169885
0.7852261130762099,0.5434493747734229,0.10985590361269487,-0.07329853538966812,-0.056158877734331675
0.7868552128958701,0.5429588236044057,0.10951518302477603,-0.07722532692529482,-0.05469980067324372
0.7884843127155303,0.5424391766783779,0.10918392721586773,-0.08113007044776971,-0.053383519730760276
0.7901134125351905,0.5419037979982543,0.10885754349075094,-0.08502137128772244,-0.052142225543960447
0.7917425123548507,0.5413356780380194,0.10854043608608252,-0.08887934086390656,-0.05104917841974629
0.7933716121745109,0.540746351133641,0.10822853814123055,-0.09271013344977039,-0.05004370717642576
0.7950007119941711,0.5401401315918073,0.10792078985204905,-0.09651927788861658,-0.049107995517312895
0.7966298118138313,0.5394978296358841,0.10762070260680995,-0.10027255323048778,-0.048306238031445306
0.7982589116334915,0.53884057466867,0.1073233995227815,-0.1039990218912634,-0.04755409048186595
0.7998880114531517,0.5381599883647733,0.10703037582955047,-0.10768305809520601,-0.046878371347423224
0.8015171112728119,0.5374515409317724,0.10674178378062893,-0.11130879473815855,-0.04628119018485258
0.8031462110924721,0.5367286201107699,0.10645537127204352,-0.1149025148360268,-0.045721826031206676
0.8047753109121322,0.5359766838624211,0.10617300397512149,-0.11842747363486324,-0.045230390758664384
0.8064044107317924,0.5352047532125237,0.10589312979042756,-0.12189943604518544,-0.04477578024497126
0.8080335105514526,0.5344184704168573,0.10561504518218238,-0.12533335721224503,-0.04434760284584935
0.8096626103711128,0.5335992462075961,0.10534075366380573,-0.1286706090036856,-0.04396291168232198
0.811291710190773,0.5327669135225234,0.10506792021377276,-0.13196575222540374,-0.043588618970125836
0.8129208100104331,0.5319149380593121,0.10479726906697077,-0.13519761350327153,-0.043229560732084255
0.8145499098300933,0.5310380593001963,0.10452943011702981,-0.13834203064503833,-0.0428756732034788
0.8161790096497535,0.5301487614680871,0.10426304317431716,-0.1414410617943835,-0.042520758412795
0.8178081094694137,0.5292354729437191,0.10399956059863431,-0.14444885207029712,-0.04215662857378385
0.8194372092890739,0.5283046230498897,0.10373846677046539,-0.14738470390996083,-0.04177494050189299
0.8210663091087341,0.5273620810868221,0.1034789712327234,-0.15027255660144187,-0.04138133653349463
0.8226954089283943,0.5263922077774132,0.10322380478850664,-0.15304042318178557,-0.04094292588435113
0.8243245087480545,0.5254112837150006,0.10297072516591083,-0.1557565404563637,-0.040479073161365876
0.8259536085677146,0.5244149645195866,0.10272055275664206,-0.15840056423245125,-0.039979776327875916
0.8275827083873748,0.5233979125579167,0.10247510979173842,-0.16094147881715204,-0.03941854063922737
0.829211808207035,0.5223709420665266,0.10223219652637017,-0.1634315056398645,-0.03882382122986969
0.8308409080266952,0.5213254964009598,0.10199440187936398,-0.16582436930553315,-0.03816086910936333
0.8324700078463554,0.5202656918643066,0.1017614401054984,-0.1681377147221639,-0.037434496836386756
0.8340991076660156,0.5191967481896977,0.10153161269195234,-0.17040022804292715,-0.03666715377409563
0.8357282074856758,0.5181071920525296,0.10131018856087667,-0.1725430561933779,-0.0357935662451056
0.837357307305336,0.5170086761375826,0.1010931673765053,-0.17463158108670812,-0.034867110352317675
0.8389864071249962,0.5158989121562877,0.10088167363242095,-0.17665193390545172,-0.03387428374382673
0.8406155069446564,0.5147730179274336,0.10067967829665554,-0.17857072821915487,-0.032774217502480135
0.8422446067643166,0.5136397169969475,0.10048255239343774,-0.18044193517939747,-0.031621560650402794
0.8438737065839768,0.5124930933712923,0.10029476673474787,-0.1822264535102708,-0.030370474637918123
0.8455028064036368,0.5113354497166717,0.10011611729537648,-0.18393729109619872,-0.02903004240179824
0.847131906223297,0.5101710968241797,0.09994317459744112,-0.18560313040279475,-0.027634530825433847
0.8487610060429572,0.5089920821128144,0.09978450656262482,-0.18716888798795142,-0.026110118182834274
0.8503901058626174,0.507806199226396,0.09963363521642492,-0.1886871334071862,-0.024520999556988752
0.8520192056822776,0.5066125370804789,0.09949159481345385,-0.1901515640262438,-0.022858591501140467
0.8536483055019378,0.5054069052671064,0.09936528105380936,-0.19153278871347107,-0.021076804941773872
0.855277405321598,0.504195972797225,0.09924662932434089,-0.19287729086318575,-0.019240549307333037
0.8569065051412582,0.5029758063489378,0.09914191176845503,-0.1941579253566135,-0.01730805796469655
0.8585356049609184,0.501747434134946,0.0990513005615617,-0.19538273756311214,-0.015287463921223278
0.8601647047805786,0.5005142698306005,0.0989691507677512,-0.19657515355108815,-0.013215269203585091
0.8617938046002388,0.4992708600133554,0.09890689206963563,-0.19769994594692872,-0.011031547080371011
0.863422904419899,0.4980222176177131,0.09885599949219892,-0.19879176697394882,-0.008791126869140936
0.8650520042395591,0.4967682244886774,0.09881672968977896,-0.19984987211736882,-0.006492728290487637
0.8666811040592193,0.4955052419834419,0.09879908805462886,-0.20085493452930392,-0.004099433922215451
0.8683102038788795,0.49423836702651097,0.09879147632416334,-0.20183847975449634,-0.0016665896916588968
0.8699393036985397,0.492964898838208,0.09880124522552522,-0.20278643231194207,0.0008323389006547676
0.8715684035181999,0.4916850095969079,0.0988293456766464,-0.2037035637347654,0.003390469188289257
0.8731975033378601,0.49040149640095093,0.09886799081472364,-0.20460398095574195,0.005980939120090406
0.8748266031575203,0.4891102917056771,0.09893012547276939,-0.20547272691601665,0.00863405325831175
0.8764557029771805,0.4878147164488092,0.09900635529037594,-0.20632674321345318,0.011316932217635961
0.8780848027968406,0.486515105796113,0.09909559935039908,-0.20716715942342268,0.014027293419758075
0.8797139026165008,0.48520791505679856,0.09921031848127057,-0.20798800389805117,0.01677742543613034
0.881343002436161,0.4838974521196623,0.09933628694900153,-0.20880252766343854,0.01954007954625137
0.8829721022558212,0.48258159624166663,0.09948089160330925,-0.20960744474287296,0.022321601773679575
0.8846012020754813,0.48125987945693066,0.09964604677110547,-0.21040651428454232,0.02511262998308604
0.8862303018951415,0.4799349363431401,0.09982252118879206,-0.2112031891958356,0.027906721979310163
0.8878594017148017,0.4786031583780522,0.1000230012081759,-0.21199809392453992,0.03069861392754223
0.8894885015344619,0.47726702574133384,0.10023861404439874,-0.21279478841287683,0.03348061420329852
0.8911176013541221,0.4759272642115898,0.10046683756132084,-0.21359297436757438,0.036254371418658796
0.8927467011737823,0.4745798376207685,0.10072111308049596,-0.21439878050629477,0.03899615474345931
0.8943758009934425,0.4732291013195987,0.10098631731036303,-0.21520928775748027,0.04171887988728396
0.8960049008131027,0.4718730912345212,0.10126886574373195,-0.2160275937678007,0.044410091021096255
0.8976340006327629,0.4705107364259979,0.1015714068865234,-0.21685769759151313,0.047052765378999425
0.8992631004524231,0.469144972883687,0.10188446436255266,-0.21769453095501481,0.049667211394887986
0.9008922002720833,0.46777210087757076,0.10221879042661185,-0.21854654909839388,0.05221645738979896
0.9025213000917435,0.46639424780754773,0.10256715044065877,-0.21941008798928208,0.054713248305221035
0.9041503999114036,0.46501265198280145,0.10292605551768534,-0.2202822835312315,0.057170624649742
0.9057794997310638,0.4636223319125542,0.10330792856465862,-0.22117538767320066,0.059525720008196684
0.907408599550724,0.4622283073506955,0.10369888873365873,-0.22207736695662564,0.061833784382274715
0.9090376993703841,0.4608286159399621,0.10410368732297562,-0.22299292246682212,0.06406956695796051
0.9106667991900443,0.4594215531204665,0.1045250640068233,-0.22392557486709416,0.06620484509179136
0.9122958990097045,0.45801065252690654,0.10495471825134359,-0.22486686629710503,0.06828644233585672
0.9139249988293647,0.45659200249628323,0.10540030728256848,-0.22582502394760762,0.0702566548384239
0.9155540986490249,0.45516752069560246,0.10585677686859185,-0.22679470141680605,0.07213947596154453
0.9171831984686851,0.45373907800751134,0.10632063346492839,-0.22777219905074833,0.07396293370085978
0.9188122982883453,0.45230070289753876,0.10680116357641078,-0.22876681541478977,0.07563259203876549
0.9204413981080055,0.45085822323585806,0.10728783349579682,-0.22976729023812917,0.07723705238521797
0.9220704979276657,0.4494097557575674,0.10778346031141887,-0.2307763115197387,0.07874640036766843
0.9236995977473259,0.44795300480010597,0.10829000068182926,-0.2317943780726014,0.08012157867775548
0.925328697566986,0.4464921041491255,0.10880162063552785,-0.2328161503155721,0.08142901329506165
0.9269577973866462,0.44502315485839006,0.10932244512578145,-0.2338437306228016,0.08260416845035021
0.9285868972063064,0.4435477920705705,0.1098495153771299,-0.23487335887623564,0.0836728085676774
0.9302159970259666,0.4420682526026673,0.11038060666577504,-0.23590420011223417,0.08467204983341084
0.9318450968456268,0.4405786930867356,0.11091979072838873,-0.2369339096693939,0.0855037032023017
0.933474196665287,0.4390847074600869,0.11146182658447543,-0.23796107788776305,0.08626102036474341
0.9351032964849472,0.43758490745921186,0.11200760870800278,-0.2389849076684588,0.0869206855364253
0.9367323963046074,0.43607662321356017,0.11255748784361745,-0.23999970698270176,0.08743761319360682
0.9383614961242676,0.4345642725347071,0.11310894239982833,-0.24100892010245417,0.08788614239107076
0.9399905959439278,0.43304436540071456,0.11366283267377797,-0.2420061591476273,0.08820758846429254
0.941619695763588,0.43151813465134936,0.1142177434024839,-0.24298988455654238,0.0884229129143447
0.9432487955832481,0.4299879613856725,0.11477320886828947,-0.2439648905970517,0.08857210589219115
0.9448778954029082,0.42844878179671153,0.11532866115602466,-0.2449153550137307,0.08857071517074969
0.9465069952225684,0.42690539187796106,0.11588340654007487,-0.24585170142146767,0.08849928576089096
0.9481360950422286,0.4253570141120735,0.1164373144772508,-0.24677132266181687,0.08834488368879576
0.9497651948618888,0.4238010071945157,0.11698862853678686,-0.24766021113406692,0.08806437336852162
0.951394294681549,0.4222415260344899,0.11753835367420971,-0.2485334513455264,0.08772671477506265
0.9530233945012092,0.4206758662009048,0.11808486420877781,-0.2493772859678732,0.08728768960889471
0.9546524943208694,0.4191048249020234,0.11862754383786053,-0.2501912124540237,0.08676113995629858
0.9562815941405296,0.41753058233326024,0.11916782310102277,-0.2509868298012121,0.08618261847914321
0.9579106939601898,0.41594941495931587,0.11970173986960653,-0.2517378549788888,0.08549257832695588
0.95953979377985,0.4143648684592068,0.12023178303530976,-0.2524637849903506,0.0847487249978844
0.9611688935995102,0.4127767086360699,0.12075768413060597,-0.2531628805666521,0.08394732886580815
0.9627979934191704,0.41118282633847836,0.12127556443758743,-0.2538130547409102,0.08305595127766574
0.9644270932388305,0.40958650405017966,0.12178952042192616,-0.25444013044116226,0.08212659832711114
0.9660561930584907,0.4079860386796264,0.12229645503897527,-0.25502639630141266,0.08113304143367576
0.9676852928781509,0.4063818960540092,0.12279588719805125,-0.2555707645579512,0.0800834626456775
0.9693143926978111,0.4047756849345215,0.12329089669986691,-0.2560906572535347,0.07900251988325224
0.9709434925174713,0.403165308676333,0.1237756579565266,-0.25655524518932193,0.07785941003644456
0.9725725923371314,0.4015528884235187,0.12425430472909008,-0.25698781963189093,0.07668656457434787
0.9742016921567916,0.39993849465865233,0.12472704786183648,-0.257389484494801,0.07548500886300666
0.9758307919764518,0.39832101109471213,0.1251883733014195,-0.2577329915571219,0.07424000013580931
0.977459891796112,0.3967023615969126,0.1256445202585314,-0.25805065060112264,0.07297917523519905
0.9790889916157722,0.3950818445108386,0.12609190844325469,-0.2583248257190811,0.07169332573314462
0.9807180914354324,0.39345980214440673,0.126529794882625,-0.25855297077227685,0.0703885663125317
0.9823471912550926,0.3918369875887922,0.12696234504311948,-0.25875546131794763,0.06907456912136285
0.9839762910747527,0.3902128857538125,0.12738333099275037,-0.2589032546839276,0.06774687468677952
0.9856053908944129,0.38858832328098575,0.12779719148067908,-0.25901813743886454,0.06641616048518835
0.9872344907140731,0.3869633592969609,0.12820484111840766,-0.2591043339298475,0.06508281412847405
0.9888635905337333,0.3853381487263016,0.12860000082410591,-0.25913421135648973,0.06375327881208379
0.9904926903533935,0.3837130313579931,0.1289898203590662,-0.2591405055348292,0.06242858637892101
0.9921217901730537,0.3820881216039862,0.12937101199808204,-0.25910883975263443,0.06111264103358011
0.9937508899927139,0.3804638654107302,0.12974250335466844,-0.2590355685646638,0.05981330893132943
0.9953799898123741,0.3788400440764095,0.1301087995833083,-0.2589402353428776,0.05852424058666482
0.9970090896320343,0.3772174059088067,0.13046441483211663,-0.25880029438235824,0.057260930391970534
0.9986381894516945,0.37559582990698714,0.13081317055934708,-0.25863249968393026,0.05601902647056242
1.0002672892713547,0.3739750891124498,0.13115653247473863,-0.25844280290099303,0.05479395483242192
1.0018963890910149,0.37235662787959856,0.13148850948071647,-0.2582082393912079,0.053612722077253615
1.003525488910675,0.3707392829862787,0.13181589927941995,-0.25795611772535015,0.05245233663797892
1.0051545887303353,0.3691236976245094,0.13213618382737116,-0.257676879584064,0.05132473138837831
1.0067836885499954,0.36751058288929006,0.1324481760608093,-0.2573670745159962,0.05024210074203931
1.0084127883696556,0.3658988237744308,0.13275594871856833,-0.257041963885202,0.04918394261340164
1.0100418881893158,0.36428997050464784,0.13305547108168936,-0.25668757171939627,0.048177750022749245
1.011670988008976,0.36268337901630626,0.13334950152819175,-0.2563144850028496,0.047211434709143456
1.013300087828636,0.36107838987993934,0.1336396412435747,-0.25592815419041015,0.046273370327505156
1.0149291876482962,0.359477506639684,0.13392120369905114,-0.25551395532634735,0.04540685083511492
1.0165582874679564,0.35787839914178676,0.13419955745153905,-0.2550898534518069,0.04457097102455451
1.0181873872876166,0.35628194475371483,0.13447313422856041,-0.2546510290258822,0.043780859172786166
1.0198164871072768,0.35468916975810266,0.1347410129599158,-0.25419568342999554,0.04305365799182424
1.021445586926937,0.3530982914519995,0.13500617494144043,-0.25373272425681737,0.04235875077299686
1.0230746867465972,0.35151119835559763,0.13526632637217603,-0.2532562544588758,0.04172803905279633
1.0247037865662574,0.3499270989573765,0.13552312821834817,-0.2527715281157985,0.0411477077026319
1.0263328863859176,0.34834498656074786,0.13577772199698512,-0.2522813792899111,0.04060080497540131
1.0279619862055778,0.346767797156171,0.13602774204444057,-0.2517812080153936,0.04013611827060368
1.029591086025238,0.345192743847931,0.1362761591110653,-0.2512780711607689,0.03970682527870846
1.0312201858448982,0.34362062767215407,0.13652237207904797,-0.25077085663349685,0.03932619864205408
1.0328492856645584,0.34205273679083775,0.1367661341957089,-0.2502602413799898,0.03901499631163986
1.0344783854842186,0.34048692106886536,0.1370088876658502,-0.24974858091913973,0.03873771067362018
1.0361074853038788,0.3389250479505941,0.13725000257918538,-0.2492358247874918,0.03852460783268548
1.037736585123539,0.3373664320803899,0.13749028594978074,-0.24872371277312372,0.038363979376425106
1.0393656849431991,0.33580988842682913,0.13773007354920286,-0.24821210076954892,0.038236693750505826
1.0409947847628593,0.3342582205483647,0.13796938488170404,-0.24770353869711223,0.03818701728111386
1.0426238845825195,0.3327088015861247,0.13820882737116655,-0.24719724209344757,0.03817263777589817
1.0442529844021797,0.33116216967363465,0.13844843240157742,-0.24669375305286845,0.03820200129414381
1.04588208422184,0.3296197698765596,0.13868894102055102,-0.24619595170718395,0.038296696206188474
1.0475111840415001,0.32807936257859543,0.13893006950565567,-0.2457011934335762,0.03842177193054635
1.0491402838611603,0.3265425890539927,0.13917253665415105,-0.24521237598983042,0.03860184975920088
1.0507693836808205,0.32500899191891053,0.13941666571753394,-0.24472952689091917,0.03882889331249416
1.0523984835004807,0.32347733235364984,0.1396618572444373,-0.24425037990628368,0.03908445717937465
1.0540275833201407,0.32195005934519205,0.13991002231676944,-0.2437803314108568,0.03940309218575253
1.0556566831398009,0.32042495768992263,0.14015999396978873,-0.24331509884365402,0.03975192249472678
1.057285782959461,0.31890228413568433,0.14041198581945497,-0.24285525165564764,0.04013451849680722
1.0589148827791213,0.3173835541794084,0.14066786157370537,-0.2424045036241048,0.0405698114777436
1.0605439825987815,0.31586661643275504,0.14092568902543892,-0.24195793041656044,0.04102828263331023
1.0621730824184417,0.3143528314977319,0.14118709601320964,-0.2415187324855252,0.0415269247997001
1.0638021822381019,0.31284199803565027,0.1414522867496365,-0.24108635509504545,0.0420610942351466
1.065431282057762,0.3113328953295256,0.1417197510612639,-0.2406579419214776,0.04261578992964693
1.0670603818774222,0.30982760448002467,0.1419926394277531,-0.24023799048990477,0.0432133568974408
1.0686894816970824,0.3083243614956458,0.14226871436959054,-0.23982226733117568,0.04383215944414671
1.0703185815167426,0.30682318606740017,0.1425480065269237,-0.2394108131017601,0.0444724017580232
1.0719476813364028,0.3053256583447952,0.14283342270248883,-0.23900609060711517,0.045146961113200906
1.073576781156063,0.30382974842269717,0.1431216896083958,-0.23860400878182927,0.04583546636017547
1.0752058809757232,0.30233659242898053,0.1434148827995279,-0.23820623359560428,0.046547015010481946
1.0768349807953834,0.3008462385609563,0.14371335327173654,-0.23781188704004433,0.04727890274711959
1.0784640806150436,0.29935747312887234,0.14401485051326918,-0.2374193033996999,0.04802178470575625
1.0800931804347038,0.2978721457364809,0.14432308605753005,-0.2370295763673313,0.04878562077518539
1.081722280254364,0.29638884953587835,0.14463541771151467,-0.23664064988003777,0.049559397828113166
1.0833513800740242,0.29490740493998574,0.14495148331918037,-0.23625245315791923,0.0503422369361205
1.0849804798936844,0.2934295672209476,0.1452749496850533,-0.2358639814984736,0.051138339318338014
1.0866095797133446,0.2919533110394605,0.14560167807064828,-0.23547474850990835,0.051938680080701134
1.0882386795330048,0.2904796601686137,0.14593378604854182,-0.2350840353791853,0.05274544658157021
1.089867779352665,0.2890089262620777,0.14627189024009749,-0.23469020514990815,0.0535559601471768
1.0914968791723252,0.2875398016052462,0.14661328481582428,-0.23429436955806626,0.05436788941466669
1.0931259789919852,0.28607411390906917,0.14696163924185202,-0.2338931565084763,0.05518034642099971
1.0947550788116454,0.28461067386035643,0.14731443172124895,-0.23348734998514867,0.055990764040953454
1.0963841786313056,0.283149082893715,0.14767087527362094,-0.23307776452848453,0.05679950390990303
1.0980132784509657,0.2816914991710383,0.14803495836910807,-0.23265818157373294,0.057600700889276206
1.099642378270626,0.2802356627070626,0.14840224348660322,-0.23223359623782056,0.0583972462376494
1.1012714780902861,0.2787826008068363,0.14877458762668477,-0.23180093954115896,0.059186134220885825
1.1029005779099463,0.2773329570369406,0.14915283902018714,-0.2313570732100228,0.05996294619085168
1.1045296777296065,0.2758851540708812,0.14953418990619427,-0.2309069172545286,0.06073273215095121
1.1061587775492667,0.2744412078813408,0.14992180403230965,-0.23044287072767705,0.06148632386271684
1.107787877368927,0.2730000340448805,0.15031361396141021,-0.22996808630128032,0.06222672202370671
1.1094169771885871,0.27156091637028745,0.15070853577772492,-0.2294853379327208,0.06295733496787144
1.1110460770082473,0.27012672898577805,0.15111035647799145,-0.22898240508742246,0.06366222429323816
1.1126751768279075,0.26869466740299625,0.15151491827291175,-0.22847042317811442,0.06435528728648049
1.1143042766475677,0.26726584343842474,0.1519236364182561,-0.22794463223031142,0.06503028084252649
1.115933376467228,0.26584136199009084,0.15233743015419787,-0.22739978052178336,0.06567983540565119
1.117562476286888,0.2644191589111106,0.15275376045152206,-0.22684483818404716,0.0663158193785784
1.1191915761065483,0.2630015934086633,0.15317498788516565,-0.22626916700500704,0.06692371020667201
1.1208206759262085,0.26158764396377515,0.1535996376456372,-0.22567718638112919,0.06750922003209713
1.1224497757458687,0.26017613864571454,0.1540265974044859,-0.22507418191043385,0.068079600126358
1.1240788755655289,0.258770918268791,0.1544588431049612,-0.22444280106788578,0.06861062216855622
1.125707975385189,0.2573684080573911,0.1548930954873276,-0.22379925721237462,0.06912460978913168
1.1273370752048493,0.2559697996407134,0.1553302368669692,-0.22313820240434826,0.06961407314511416
1.1289661750245095,0.2545768299400913,0.1557710147430036,-0.22245215081796693,0.0700681997411059
1.1305952748441697,0.2531867323829217,0.15621350123789166,-0.22175349255418514,0.07050441132900426
1.1322243746638299,0.25180227647475173,0.156659117023871,-0.2210302699708426,0.07090556602456838
1.1338534744834898,0.25042254411956905,0.15710695158921967,-0.22028695127094378,0.07127774960920653
1.13548257430315,0.2490458823168759,0.15755620942683343,-0.21953059707008174,0.07163112499576049
1.1371116741228102,0.24767686309573772,0.15800844763800487,-0.21874262417642673,0.07193841037566578
1.1387407739424704,0.24631141869691706,0.15846181272549115,-0.21794033407730765,0.07222456520673158
1.1403698737621306,0.24495060978198127,0.15891663903720968,-0.217119478810664,0.07248331998545594
1.1419989735817908,0.24359697887080256,0.15937322582069452,-0.2162709138355516,0.072700598267124
1.143628073401451,0.24224688829653596,0.15983053830519453,-0.2154090195965946,0.07289772890761818
1.1452571732211112,0.24090348817477936,0.16028905370133828,-0.21452233507550658,0.07305715058100737
1.1468862730407714,0.23956607104288538,0.16074827830270058,-0.21361446066645595,0.07318373912405275
1.1485153728604316,0.23823239652458564,0.1612079160746855,-0.21269342174383105,0.07328987016782758
1.1501444726800918,0.23690770612725162,0.16166810346441024,-0.21174209729206553,0.07334806893842329
1.151773572499752,0.23558754632383377,0.16212832440128802,-0.21077629947280963,0.07338279643717532
1.1534026723194122,0.23427268527731404,0.16258858457324457,-0.20979357432410117,0.07339007310588183
1.1550317721390724,0.23296660128642263,0.16304846659191036,-0.2087843992616717,0.07335324071802196
1.1566608719587326,0.23166470296471278,0.16350803394280713,-0.2077631330602897,0.07329580993389427
1.1582899717783928,0.23037040668375286,0.16396691265137905,-0.20672036248306247,0.07320134898869202
1.159919071598053,0.22908335487100687,0.16442481055512748,-0.205658458860574,0.07307270640488786
1.1615481714177132,0.2278006648042431,0.16488208008844887,-0.20458520536333044,0.07292361814503419
1.1631772712373734,0.22652806361425976,0.16533755626287225,-0.20348722364301092,0.07272844525009618
1.1648063710570336,0.22526092813374707,0.16579184118021192,-0.20237689365133033,0.0725091126522655
1.1664354708766937,0.22399956300880705,0.16624486844253183,-0.20125352712398367,0.07226427374515142
1.168064570696354,0.2227484267411359,0.166695274934809,-0.20010902744793893,0.07197569921272123
1.1696936705160141,0.221502003226442,0.1671443471618639,-0.19895546481008225,0.07166746425643832
1.1713227703356743,0.2202638033078346,0.16759101176704858,-0.197786509368066,0.07132522922229217
1.1729518701553343,0.21903394828960804,0.16803494063525276,-0.19660356172460633,0.0709496438554956
1.1745809699749945,0.21780892966189616,0.16847724041730988,-0.19541275709235156,0.07055490368144966
1.1762100697946547,0.21659469151772745,0.16891564194800973,-0.19420598574693407,0.0701185319717486
1.177839169614315,0.21538671335459775,0.169351575394205,-0.19299117073334277,0.06965881013644996
1.179468269433975,0.2141847026500284,0.16978515608694736,-0.1917686879239219,0.06917682930291795
1.1810973692536353,0.21299402872285214,0.17021390740934886,-0.1905338661784624,0.06865402252118202
1.1827264690732955,0.21180839852679645,0.17064038574352136,-0.18929434603602374,0.06811355999925389
1.1843555688929557,0.2106312230790161,0.17106300069057462,-0.18804728839659518,0.06754371850139652
1.1859846687126159,0.2094631825135994,0.17148116430449714,-0.18679388863174753,0.06694326894115452
1.187613768532276,0.2083002385390458,0.17189679449104645,-0.18553728063462524,0.0663259468373263
1.1892428683519363,0.20714824672626697,0.17230676067118164,-0.1842752330619383,0.06567326787826412
1.1908719681715965,0.2060030599426752,0.17271300658548627,-0.18301115332046688,0.06499944372116938
1.1925010679912567,0.20486372911891837,0.17311605108409084,-0.18174532482840988,0.0643074233995958
1.1941301678109169,0.20373634429474505,0.17351221439033512,-0.18047830086175193,0.06357971790609046
1.195759267630577,0.2026140892589895,0.17390529403614283,-0.17921164034987858,0.0628372152580818
1.1973883674502372,0.20150009323399673,0.17429337468599637,-0.17794579835501917,0.06207102918656527
1.1990174672698974,0.2003955999665794,0.17467542513679168,-0.17668279810800225,0.06127873003216878
1.2006465670895576,0.19929621055485292,0.17505417839589932,-0.17542172248974405,0.06047264402620443
1.2022756669092178,0.19820739845907825,0.1754259079982551,-0.174165934485705,0.059638762923135864
1.203904766728878,0.19712560864302447,0.17579276579868078,-0.17291507513306245,0.05878727940882562
1.2055338665485382,0.19604926954834,0.1761558420871268,-0.17166804141918043,0.05792213283309802
1.2071629663681984,0.19498489725413984,0.17651025573571746,-0.17043183916469282,0.05702845747999433
1.2087920661878586,0.19392548183190206,0.17686094138515673,-0.16920105795914328,0.056123533798989
1.2104211660075188,0.19287372920209758,0.17720584527495226,-0.1679787819520221,0.05520129740111143
1.2120502658271788,0.1918313680244387,0.177543369497999,-0.1667688702284041,0.05425903720799449
1.213679365646839,0.19079386176467641,0.1778770090162105,-0.1655658051849521,0.053306709569891204
1.2153084654664992,0.18976606077041225,0.17820271160127565,-0.16437754311354733,0.052334952885550456
1.2169375652861594,0.18874513498659892,0.17852256554748125,-0.1632012189641727,0.051350352311142
1.2185666651058196,0.1877290162604992,0.17883833020147608,-0.16203324165459151,0.05035677145587328
1.2201957649254798,0.1867242831770412,0.17914402327333295,-0.1608874693511376,0.049343489714486356
1.22182486474514,0.18572409513114835,0.1794455390877432,-0.15975153173936768,0.04832298034694768
1.2234539645648002,0.18473065076402828,0.1797408531128252,-0.1586302098497245,0.04729176246675639
1.2250830643844604,0.18374601150946523,0.18002774929280538,-0.1575299144146059,0.04624786141216773
1.2267121642041205,0.1827657514667941,0.1803103744291831,-0.15644057772177525,0.045197993981977595
1.2283412640237807,0.1817939360896787,0.18058460660739556,-0.1553733046466354,0.044137255908766784
1.229970363843441,0.18082849435997322,0.1808522521863585,-0.15432414607355202,0.04306932898133263
1.2315994636631011,0.17986725165118875,0.181115550466756,-0.1532869667198811,0.04199669799854113
1.2332285634827613,0.1789158862659124,0.18136823228578092,-0.15228017661629611,0.04091456798261233
1.2348576633024215,0.17796865583369026,0.18161628967793889,-0.15128710259477512,0.03982917950860499
1.2364867631220817,0.17702703712347087,0.18185807106220594,-0.15031264325605576,0.038739368841491525
1.238115862941742,0.1760932235357409,0.1820907648905722,-0.14936600241305825,0.037644826892318115
1.2397449627614021,0.17516314127811528,0.182319010967915,-0.14843320123032372,0.0365484286307175
1.2413740625810623,0.17423999869740048,0.18253883970113952,-0.14752689954080528,0.0354491478869719
1.2430031624007225,0.17332242625888303,0.18275162448315707,-0.14664333095045876,0.034348671234548274
1.2446322622203827,0.17240836581186245,0.1829599474987196,-0.14577419700905211,0.03324751939646643
1.246261362040043,0.1715022786829463,0.18315774824940537,-0.14493977251486095,0.032146342266380946
1.247890461859703,0.17059977894034067,0.18335060318776664,-0.1441219774073867,0.031045955804262268
1.2495195616793633,0.16970166802141295,0.18353740739828406,-0.1433245267623852,0.02994653664869883
1.2511486614990235,0.16881005529020257,0.1837148407876431,-0.14255910832639715,0.028850089850819525
1.2527777613186835,0.16792142357819317,0.18388784685264628,-0.14180896068150403,0.02775548000059839
1.2544068611383437,0.1670381372091148,0.1840527787975595,-0.14108680244732272,0.026664662744914386
1.2560359609580038,0.166159401766099,0.18421049902381567,-0.140389935859663,0.02557829941289423
1.257665060777664,0.16528341161373225,0.18436383224856465,-0.139708479127086,0.024494753739919977
1.2592941605973242,0.16441342977165424,0.18450715906344897,-0.1390624403689707,0.023418822522701277
1.2609232604169844,0.16354633837627544,0.18464541674016863,-0.13843446739828483,0.02234745338232891
1.2625523602366446,0.16268243811164876,0.18477807795227033,-0.1378264395419089,0.021281120897267185
1.2641814600563048,0.16182355919812155,0.18490144554420382,-0.1372516810718597,0.02022440563852497
1.265810559875965,0.16096688395533154,0.18502057145784184,-0.13669212846622084,0.019172469714641344
1.2674396596956252,0.16011401651719043,0.1851322416549579,-0.13615931962692354,0.018129225107138176
1.2690687595152854,0.1592645742860351,0.18523679776989602,-0.135652015759537,0.01709517863254768
1.2706978593349456,0.15841710655374516,0.1853371945024565,-0.1351596128154964,0.01606663040453673
1.2723269591546058,0.15757379568338253,0.1854284057340353,-0.13470003684186785,0.01505109617928909
1.273956058974266,0.15673260883786125,0.18551460715934184,-0.13425825822333004,0.014043265273493333
1.2755851587939262,0.15589353925277064,0.18559581473317313,-0.13383422028040806,0.013043113154284594
1.2772142586135864,0.15505799791483893,0.18566810763461694,-0.13344156942290125,0.012057723114994813
1.2788433584332466,0.15422392972868623,0.1857364673485828,-0.13306263868097754,0.01107919565664147
1.2804724582529068,0.15339231322298968,0.18579816497658982,-0.13270688050178617,0.010112474416840584
1.282101558072567,0.15256301211081993,0.18585306661329742,-0.13237439386083139,0.009158576445588375
1.2837306578922272,0.1517349829378928,0.18590414631607233,-0.132054920347064,0.008212018498400349
1.2853597577118874,0.15090952050187809,0.18594704979688226,-0.13176290576911598,0.007281819538458157
1.2869888575315476,0.15008543799060942,0.18598515787465106,-0.13148662007176573,0.006361761093358938
1.2886179573512078,0.14926259741161232,0.18601895008968294,-0.1312244903669536,0.005450829111618481
1.290247057170868,0.1484419341312963,0.18604444098796336,-0.13098883000372558,0.004558402524580018
1.291876156990528,0.14762212744175218,0.18606639013095336,-0.1307641551537561,0.003674211915284687
1.2935052568101881,0.14680369350483488,0.18608256155009725,-0.13055729648367728,0.00280357269919528
1.2951343566298483,0.1459866071217562,0.18609243005640994,-0.1303691231427946,0.00194846618675542
1.2967634564495085,0.1451702224023277,0.18609888713554923,-0.13019090074657982,0.0011019158204656357
1.2983925562691687,0.14435518793730187,0.1860982753895373,-0.13003268977575783,0.0002736528743048838
1.300021656088829,0.1435409073135244,0.18609321288014935,-0.1298864169940301,-0.0005425275882456057
1.301650755908489,0.14272723891341937,0.1860845357334531,-0.12974983967801187,-0.0013488953979221311
1.3032798557281493,0.14191468874595337,0.18606835431268426,-0.12963215897722394,-0.002133886503504905
1.3049089555478095,0.14110254749863463,0.18604907852920652,-0.12952177374761012,-0.002909672753419466
1.3065380553674697,0.14029103814502242,0.18602494517678503,-0.12942274556379152,-0.0036709340623931846
1.30816715518713,0.1394801673350656,0.18599514851482946,-0.12933584564179837,-0.004414407459196016
1.30979625500679,0.13866960997714875,0.18596240190854468,-0.12925500070534368,-0.005148416495483986
1.3114253548264503,0.13785962751810976,0.1859237399727814,-0.12918556243754395,-0.00586289037665948
1.3130544546461105,0.13704997833348617,0.1858810907755308,-0.12912289420175677,-0.0065635019861184285
1.3146835544657707,0.13624057312046509,0.185835522726639,-0.12906518192863076,-0.007253965799983727
1.3163126542854309,0.13543164011083417,0.1857834096769242,-0.1290169591787915,-0.007920439496083542
1.317941754105091,0.13462287237814774,0.18572869411565726,-0.1289718482859267,-0.008576862973946418
1.3195708539247513,0.1338143524988791,0.18567005063492378,-0.12893138711347912,-0.009218081595273198
1.3211999537444115,0.13300610949626593,0.18560652343175607,-0.12889531628257625,-0.009839297572915486
1.3228290535640717,0.1321980010481489,0.18554055104424588,-0.12886108846825972,-0.010450210344767664
1.3244581533837319,0.13139014463560864,0.18546984172759617,-0.12882967841739218,-0.011040552339568408
1.326087253203392,0.13058246841784713,0.18539572971210888,-0.12879918894013387,-0.011615191585579448
1.3277163530230522,0.12977491331554625,0.18531933333645373,-0.12876930265347597,-0.012179276060286069
1.3293454528427124,0.12896765872952096,0.18523760022289945,-0.12873901592330875,-0.012717124935522964
1.3309745526623726,0.12816053863950883,0.18515375578591126,-0.12870779325081802,-0.013243887442736168
1.3326036524820326,0.12735360964807904,0.18506691147624457,-0.128675240745219,-0.013754897890363662
1.3342327523016928,0.12654698016189578,0.18497610802496461,-0.12863937797995384,-0.014243638483851516
1.335861852121353,0.1257405117678174,0.1848834058992576,-0.12860149996888204,-0.014721271304821908
1.3374909519410132,0.12493437222182363,0.18478715957824757,-0.12855917066459133,-0.015177479896417222
1.3391200517606734,0.12412854466126942,0.18468822140827507,-0.12851224875537345,-0.015616139361202753
1.3407491515803336,0.12332292116536633,0.18458755734628704,-0.12846231727937446,-0.016043474751981694
1.3423782513999938,0.12251786227814097,0.18448302608688813,-0.12840391232350748,-0.016443510215423222
1.344007351219654,0.12171310389812398,0.18437686508989962,-0.12834107927368657,-0.016831030479681614
1.3456364510393142,0.12090873016733353,0.18426861802879635,-0.12827257826360464,-0.017202531288985676
1.3472655508589744,0.12010502974252694,0.18415747888477974,-0.128194555348547,-0.01754974332920018
1.3488946506786346,0.1193016832866032,0.184045023278393,-0.1281117010876355,-0.017885239810735632
1.3505237504982948,0.1184990289454004,0.18393021059182882,-0.12801958574859243,-0.01819894971041304
1.352152850317955,0.11769706352719014,0.18381353689784782,-0.12791882773484284,-0.018493583349885812
1.3537819501376152,0.11689553313678104,0.1836957275781621,-0.1278126724426169,-0.018776391790459604
1.3554110499572753,0.11609512538410534,0.18357551594612442,-0.1276933938794131,-0.019031633848720635
1.3570401497769355,0.11529533870925039,0.1834542557678429,-0.12756737974932308,-0.01927324651165943
1.3586692495965957,0.11449626915517853,0.18333178489699117,-0.12743358846983882,-0.019499122140824006
1.360298349416256,0.11369849245493492,0.1832076057198916,-0.12728683327534168,-0.019699456633460326
1.3619274492359161,0.11290135986792203,0.18308271089795813,-0.12713397121666814,-0.019887897967943637
1.3635565490555763,0.11210541660885985,0.1829566028786534,-0.1269701142148006,-0.0200550435259267
1.3651856488752365,0.11131069033729793,0.18282955777122636,-0.12679591313570768,-0.02020231487136726
1.3668147486948967,0.11051670248626191,0.1827019785340041,-0.12661555178671913,-0.020337749123147925
1.368443848514557,0.10972449304008265,0.18257340310805736,-0.1264213319794899,-0.020446543012973547
1.3700729483342171,0.10893330771385433,0.18244443637696658,-0.12621981851069283,-0.020541189962231848
1.371702048153877,0.1081431898742197,0.1823150617708072,-0.12601070252820948,-0.02062109091480761
1.3733311479735373,0.10735507328568661,0.18218522833937734,-0.12578860795159277,-0.020675374268974013
1.3749602477931975,0.10656790469781338,0.18205527209670677,-0.1255607965405308,-0.020718152818889786
1.3765893476128577,0.10578240001183542,0.18192515512446744,-0.12532320117145382,-0.020741104052560543
1.3782184474325179,0.10499866445077963,0.18179507344750026,-0.12507622256698822,-0.020744347174278494
1.379847547252178,0.1042159593236648,0.18166504238002162,-0.12482393813544482,-0.020736309404801555
1.3814766470718383,0.10343559911555449,0.1815353011214122,-0.12456050619986847,-0.02070375181488214
1.3831057468914985,0.1026566562023946,0.1814058672963259,-0.12429108240020723,-0.020657229530503432
1.3847348467111587,0.10187904721389422,0.18127672282043797,-0.12401601919905436,-0.0205975640042807
1.3863639465308188,0.10110406797280737,0.18114837266256723,-0.12373116575864343,-0.020513391150963248
1.387993046350479,0.10033027748057835,0.18102045719573387,-0.12344235330030369,-0.020418593837033566
1.3896221461701392,0.09955847937599278,0.18089330034896164,-0.12314709083088074,-0.02030616991524351
1.3912512459897994,0.09878889996172323,0.18076715195848736,-0.12284568488351252,-0.02017504336321379
1.3928803458094596,0.09802056076433659,0.18064159683311148,-0.12254103581068612,-0.020033617327432033
1.3945094456291198,0.09725490943960645,0.1805174518586467,-0.12223016197036896,-0.01987052216439653
1.39613854544878,0.09649097142731047,0.18039432150923476,-0.12191607359375699,-0.019694166804561267
1.3977676452684402,0.09572848897248044,0.18027205314216863,-0.12159925428365558,-0.019506546144789874
1.3993967450881004,0.09496904760180805,0.18015178651686295,-0.12127803082410821,-0.019296240714363335
1.4010258449077606,0.09421092056622897,0.1800324596126589,-0.12095538050831926,-0.01907640499676177
1.4026549447274208,0.09345490248026297,0.1799146588660902,-0.12063055766025416,-0.018841344440254326
1.404284044547081,0.09270135585020586,0.17979880896947795,-0.12030420186246842,-0.01858894183580835
1.4059131443667412,0.09194913473105087,0.17968404063322976,-0.11997723685284492,-0.018327325434849127
1.4075422441864014,0.09119966215706841,0.17957162552531883,-0.11964967606253454,-0.01804687694825148
1.4091713440060616,0.09045204121475095,0.1794609231304399,-0.11932245270590737,-0.017753980361328598
1.4108004438257216,0.08970583898739959,0.17935153301146162,-0.11899548789001783,-0.017451546075001694
1.4124295436453818,0.08896279493886262,0.1792452904807328,-0.11867035091040723,-0.017128172151423798
1.414058643465042,0.08822105627407757,0.17914044044257058,-0.11834644975787686,-0.01679621048971214
1.4156877432847021,0.08748132569013617,0.179037743323972,-0.11802450659146439,-0.016451046228228166
1.4173168431043623,0.08674407752074957,0.17893790704905888,-0.11770597331614707,-0.016089604294461903
1.4189459429240225,0.08600810580085418,0.17883959206740094,-0.11738942851300137,-0.015719779544549485
1.4205750427436827,0.08527467268941609,0.1787444217575757,-0.11707739566005355,-0.015333252460909772
1.422204142563343,0.08454304671480524,0.17865165912414982,-0.11676931960025494,-0.014934719762795654
1.4238332423830031,0.08381266771331482,0.17856055785233624,-0.11646397383438133,-0.014527902867092607
1.4254623422026633,0.08308525550576956,0.17847371301794693,-0.11616638381421575,-0.01410105237102017
1.4270914420223235,0.08235901352366612,0.17838867823243196,-0.11587236581641487,-0.013666116210494562
1.4287205418419837,0.0816344988208798,0.1783063167032781,-0.1155836263959628,-0.01321924320929627
1.430349641661644,0.08091223551067911,0.17822772268934323,-0.11530281357953527,-0.012756333503655208
1.431978741481304,0.08019107949623473,0.17815106196391922,-0.11502618076023893,-0.012285381310847544
1.4336078413009643,0.07947203661050173,0.17807823572205522,-0.11475803324472492,-0.011798800803814336
1.4352369411206245,0.0787545771058024,0.17800853595853142,-0.1144970887614922,-0.011299968832527455
1.4368660409402847,0.07803815402562018,0.17794089264509186,-0.11424089092959332,-0.010793094527679523
1.438495140759945,0.07732411651335451,0.17787839628929586,-0.11399693797280747,-0.010266756322497607
1.440124240579605,0.07661106494463031,0.1778182356980251,-0.11375868507255656,-0.009731865457328936
1.4417533403992653,0.07589933409878422,0.1777612039853535,-0.11352806769579826,-0.009185517857327127
1.4433824402189255,0.07518940617481147,0.17770888955407127,-0.11330919387992587,-0.00862239685164566
1.4450115400385857,0.07448032026656647,0.17765891879599033,-0.11309620833092264,-0.008051073809508898
1.4466406398582459,0.07377277216782334,0.17761342261439073,-0.11289453455999618,-0.007464262041805062
1.448269739677906,0.07306642072250638,0.17757183079584293,-0.11270284545353956,-0.006864266643392541
1.4498988394975663,0.0723608157435443,0.17753270970997523,-0.11251748116353838,-0.006255951757640091
1.4515279393172262,0.07165682921102341,0.17749956988002297,-0.11234753992611049,-0.005627903769228735
1.4531570391368864,0.07095353634142697,0.17746937031439516,-0.1121852221896685,-0.004990366832714514
1.4547861389565466,0.07025108124078491,0.17744272184265217,-0.11203211170969894,-0.00434136965254073
1.4564152387762068,0.06954979056709112,0.17742182505978765,-0.11189396049890235,-0.0036742012010309083
1.458044338595867,0.06884900224089557,0.17740370008901735,-0.11176302300441132,-0.002998394851681567
1.4596734384155272,0.06814908112859619,0.17739067202692754,-0.11164535482658369,-0.0023068192672239863
1.4613025382351874,0.06744982250082693,0.17738241094452786,-0.1115400854653342,-0.0016008009066841539
1.4629316380548476,0.06675095148149679,0.1773770556295476,-0.11144237014251027,-0.000886013274083047
1.4645607378745078,0.06605282234658406,0.17737851245284805,-0.11136232501655507,-0.00015102214364103557
1.466189837694168,0.06535498271326258,0.17738359184786853,-0.11129163501791577,0.000594478391507726
1.4678189375138282,0.06465745863667542,0.17739261984606383,-0.1112311421080507,0.001351434177786992
1.4694480373334884,0.06396029242612164,0.1774085327395122,-0.11118832011374834,0.0021279070757766615
1.4710771371531486,0.06326323137126573,0.17742766625150957,-0.11115371734558054,0.002913350948514019
1.4727062369728088,0.06256631323369735,0.1774525001932685,-0.11113362990143831,0.003714563078242662
1.474335336792469,0.06186939038511467,0.17748304797084982,-0.11112794972319665,0.004531171880888742
1.4759644366121292,0.06117244394350933,0.1775169540163413,-0.11113071239123098,0.005356767308395509
1.4775935364317894,0.06047530144983622,0.17755848117364575,-0.11115246431913184,0.006202327758037797
1.4792226362514496,0.059777941843608726,0.17760438191167044,-0.11118496017129985,0.007059001191921538
1.4808517360711098,0.0590803685601523,0.17765458702818876,-0.1112280299489333,0.007926611771688177
1.48248083589077,0.0583822082320826,0.1777128800396708,-0.11129063730664455,0.008814102217959386
1.4841099357104302,0.057683718481372825,0.17777484501744242,-0.11136197970582937,0.009710367878909349
1.4857390355300903,0.05698463782296366,0.177843059568925,-0.11144812389125923,0.010621448301544921
1.4873681353497505,0.056284782128226664,0.17791798175930817,-0.11154979179498384,0.01154781080460838
1.4889972351694107,0.05558446321699426,0.1779967075167128,-0.11166018931789785,0.01248272373235507
1.4906263349890707,0.05488301277949663,0.17808378055053437,-0.11178939067346777,0.013435842949883517
1.492255434808731,0.05418076551509952,0.17817600866335512,-0.11192984486158238,0.014399678020358499
1.493884534628391,0.053477810226800634,0.1782728173433588,-0.11208029780150625,0.01537303470715661
1.4955136344480513,0.052773253139075944,0.1783789080250776,-0.11225028176377491,0.016364685159437654
1.4971427342677115,0.05206793243813365,0.17848908583130602,-0.11242856254090038,0.017364000966229254
1.4987718340873717,0.05136134535992507,0.17860594536659138,-0.11262031349779363,0.0183757278618896
1.5004009339070319,0.05065318266617714,0.17873047538044934,-0.1128267730637644,0.019400787817382307
1.502030033726692,0.049944134616620645,0.17885920266317923,-0.11304110966598721,0.020432946996934306
1.5036591335463523,0.049233127336426895,0.17899682802735953,-0.11327153654085108,0.021479458347823957
1.5052882333660125,0.04852074132554532,0.17914035039637988,-0.11351191460975703,0.022534705400107838
1.5069173331856727,0.047807249952991814,0.17928860053652196,-0.1137602707911277,0.023596956075060894
1.5085464330053329,0.04709121275637724,0.17944719073828194,-0.11402470138324818,0.024673095889106624
1.510175532824993,0.04637404530663708,0.17961019140167822,-0.11429540846366125,0.025754582614181173
1.5118046326446533,0.04565509723351333,0.17978011110751732,-0.11457586384378839,0.026844359765352245
1.5134337324643135,0.04493388216892631,0.17995851631183057,-0.11486692537728699,0.02794301212930906
1.5150628322839736,0.04421145393465424,0.18014140114818875,-0.11516324898540166,0.029046038031415068
1.5166919321036338,0.0434865004070485,0.18033345001630255,-0.11546944255414668,0.030157183239814575
1.518321031923294,0.042759711084230406,0.18053199759760316,-0.115781418127848,0.03127299421329558
1.5199501317429542,0.04203159534893722,0.18073524067771732,-0.1160975713589766,0.03239217633022868
1.5215792315626144,0.04130028651966514,0.18094957734612022,-0.11642135064425764,0.03351736304018602
1.5232083313822746,0.040567644585769586,0.18116848920220838,-0.11674731381222446,0.03464420556033436
1.5248374312019348,0.039832996601084664,0.18139428271902872,-0.11707650889297629,0.0357734934490572
1.526466531021595,0.039095706910439204,0.1816290799954752,-0.11740782716758948,0.036904217541927006
1.5280956308412552,0.038357072876183354,0.18186845927959147,-0.11773965683921074,0.038035203225451626
1.5297247306609154,0.037615787869532465,0.18211687416249486,-0.11807135438252213,0.039165764194507686
1.5313538304805754,0.036872511443078446,0.182372124271152,-0.11840112255977552,0.040294513287854175
1.5329829303002356,0.03612790462124499,0.1826319425673861,-0.11872956551014746,0.041422022553635994
1.5346120301198958,0.035380111663024336,0.18290285805205353,-0.11905170758265682,0.042544030793855256
1.536241129939556,0.03463101788704837,0.18317841076959715,-0.11936980623040966,0.043662607219149045
1.5378702297592162,0.03388009997582967,0.18346046627347284,-0.11968223478827393,0.04477637121431693
1.5394993295788764,0.03312672365772812,0.183751581309473,-0.11998383158054217,0.04588108080396663
1.5411284293985366,0.03237217283251313,0.1840471330777782,-0.12027927466723387,0.04698067554005446
1.5427575292181968,0.03161543655874853,0.18435110917298778,-0.12056174550856552,0.048069526022886506
1.544386629037857,0.03085704497530239,0.1846618573630997,-0.12083130932775556,0.04914774631750981
1.5460157288575171,0.03009760051589427,0.1849769419938959,-0.12109245793235292,0.05021903814911281
1.5476448286771773,0.029335864043307226,0.18530216468567806,-0.12133033629871254,0.0512712246755468
1.5492739284968375,0.028573199718743877,0.18563193568644998,-0.12155588864638665,0.052313303383864654
1.5509030283164977,0.027809363018037055,0.18596745364803924,-0.12176586660221991,0.05334261048084462
1.552532128136158,0.0270440156338714,0.18631147072287532,-0.12194905241819311,0.05434993754253948
1.5541612279558181,0.026278034671474874,0.18665948009856542,-0.12211849173442577,0.055345973541151665
1.5557903277754783,0.025510983735098802,0.18701477897504798,-0.12226150461327219,0.05632028928480617
1.5574194275951385,0.024743248828855827,0.1873762703772815,-0.12237892649580741,0.05727350511171092
1.5590485274147987,0.023975118661783333,0.18774155763163375,-0.12248035342628052,0.058213523520079025
1.560677627234459,0.023206410523775183,0.1881153530292184,-0.12254197083764162,0.05912057563833968
1.562306727054119,0.022437628489314174,0.18849320975160902,-0.12258218221469194,0.060009803846306546
1.5639358268737793,0.02166876221794132,0.18887569610705487,-0.12259799217379073,0.06087871401318729
1.5655649266934395,0.020900185418297936,0.1892654062751235,-0.12257106840296894,0.061711806722162324
1.5671940265130997,0.020131887220056523,0.18965834905232676,-0.12252347931460748,0.06252748609488733
1.5688231263327599,0.019364204126824353,0.19005695721943724,-0.12243836044703078,0.06331146861194949
1.5704522261524199,0.018597475392697696,0.19046060017510835,-0.12231592952127311,0.06406366373357786
1.57208132597208,0.01783136312874691,0.19086718797001692,-0.1221711414836506,0.06479677051916413
1.5737104257917403,0.017067047337793215,0.19128005630232806,-0.12197426246303422,0.06548506700614867
1.5753395256114004,0.016303994010563684,0.19169606355709376,-0.12174819053635984,0.06614798038174731
1.5769686254310606,0.015542239917846255,0.19211530115924008,-0.12149207542481018,0.0667847713320363
1.5785977252507208,0.014783334302801323,0.19253977555948956,-0.12118114596330375,0.06737333869142663
1.580226825070381,0.014025903247578044,0.19296644374467573,-0.12084504381016807,0.0679395457315478
1.5818559248900412,0.013271118926990547,0.19339678844040098,-0.1204653760334498,0.06846693240782958
1.5834850247097014,0.01251947423736588,0.19383046150908975,-0.12004066786636244,0.06895362487243958
1.5851141245293616,0.011769698497343791,0.19426597183066402,-0.1195901118694103,0.06941686451660518
1.5867432243490218,0.01102442488913977,0.19470512687702177,-0.11908251587015882,0.06982779156030867
1.588372324168682,0.010282118138453596,0.19514609995365678,-0.11854140545860768,0.07020748234147156
1.5900014239883422,0.009542568283060805,0.1955887623999648,-0.11796915242393495,0.070558147426366
1.5916305238080024,0.00880890066440735,0.19603409789718135,-0.11733724553652372,0.07085224060083935
1.5932596236276626,0.008078024318966369,0.19648040234232053,-0.11667931674265784,0.07112127964535905
1.5948887234473228,0.007351855870694252,0.19692823413427415,-0.11597831411174961,0.07134870052919358
1.596517823266983,0.0066312960503382345,0.19737727674395847,-0.11523086067817791,0.07153032946841195
1.5981469230866432,0.005913919353833381,0.1978269011121807,-0.11445792684156102,0.07168665345248672
1.5997760229063034,0.005203661645314639,0.19827740797110402,-0.1136315097782531,0.0717890985437027
1.6014051227259636,0.0044982286562011,0.19872813261290806,-0.11277217871360477,0.07185760152027172
1.6030342225456238,0.0037968422059437754,0.19917903991132163,-0.11188524235750985,0.07189763691681418
1.604663322365284,0.003104430358399369,0.19962973902664002,-0.11094270747416254,0.07187886632744486
1.6062924221849442,0.0024160491672459766,0.20008013239186206,-0.1099772385332436,0.0718352498294958
1.6079215220046044,0.0017341406581480902,0.20052998839561412,-0.1089753854783868,0.07175207608086474
1.6095506218242643,0.001060247767027685,0.20097875547092275,-0.10793271926004647,0.07162317581407618
1.6111797216439245,0.00039071576918847005,0.20142684461313287,-0.10686874261984478,0.07147008531095436
1.6128088214635847,-0.0002695667449093853,0.20187324222374908,-0.10576221825354906,0.07126772580880154
1.614437921283245,-0.0009232753350354307,0.2023181604089979,-0.10462847251430168,0.07103267441378139
1.6160670211029051,-0.0015720120498887693,0.20276195970111166,-0.10347413918206551,0.07077289805776907
1.6176961209225653,-0.0022090640150737493,0.203202684693648,-0.10227645710313363,0.07045890469839232
1.6193252207422255,-0.0028411029501802898,0.20364192804778045,-0.10106208918717877,0.07012313439603426
1.6209543205618857,-0.0034654484354110734,0.20407888131476004,-0.09982230440083344,0.06975409121547728
1.622583420381546,-0.004079770694606215,0.20451253458466262,-0.09855325656269337,0.06934470293026126
1.624212520201206,-0.004688854782456505,0.20494439115455848,-0.09726982268233172,0.06891494203119544
1.6258416200208663,-0.005287318272647362,0.20537244321852127,-0.09595925329338709,0.06844547042744935
1.6274707198405265,-0.005877807445247562,0.20579742546160462,-0.09463107538076755,0.06794836923512704
1.6290998196601867,-0.006462866385493905,0.20622031726366025,-0.09329090667722709,0.0674324532559457
