time,Rel_R_HIP_pos,Rel_R_KNE_pos,Rel_R_HIP_vel,Rel_R_KNE_vel
0.0,0.028568472181047713,0.0007180592843464442,0.3531920019291997,0.13189701205838547
0.0022271428571428572,0.0293581702709198,0.0010138986621584217,0.3323367034808317,0.11976678809684374
0.0044542857142857144,0.030147868360791887,0.0013097380399703987,0.3123666092986089,0.10807875162480993
0.006681428571428572,0.03093756645066397,0.001605577417782375,0.2938452856460845,0.09707398387118754
0.008908571428571429,0.03155392687661307,0.0018038577522550311,0.2772448975996638,0.0869524111168393
0.011135714285714285,0.03210735883031573,0.0019622756753649028,0.2629244865483047,0.07786556911737443
0.013362857142857143,0.03266079078401838,0.0021206935984747753,0.25111630464774104,0.0699123320921232
0.01559,0.03324025797843933,0.0022852015154702318,0.24192108754419317,0.06313782181143539
0.017817142857142858,0.03377603013174874,0.0024437919514519826,0.2353124841032265,0.05753555130634619
0.020044285714285716,0.03431026898111616,0.0026021922826766977,0.23115015196236044,0.05305267737000437
0.02227142857142857,0.03486206565584456,0.0027888080903462004,0.2292003254407237,0.04959803999072608
0.02449857142857143,0.035312268631798885,0.00283944240638188,0.22916202542725683,0.04705245954328692
0.026725714285714287,0.03576935645512171,0.002897864495004926,0.230696566044838,0.045280551154129385
0.02895285714285714,0.03622596226419721,0.002916834269251142,0.23345767479838536,0.044143115553042754
0.03118,0.03680933223451887,0.002929975390434265,0.23711943286918374,0.043509006015873423
0.03340714285714286,0.037426505599703105,0.003028795293399265,0.24139940287340042,0.04326529480348028
0.035634285714285716,0.038032056263514934,0.0031404698405947005,0.24607476571135503,0.04332461844800301
0.037861428571428574,0.0386566630431584,0.0034035462481634944,0.250990025015827,0.0436288068141645
0.04008857142857143,0.03924895470482963,0.0035804143122264323,0.25605580067419365,0.04414830324469445
0.04231571428571428,0.03989622497558594,0.0037168993779591146,0.26123931818576157,0.04487742595845908
0.04454285714285714,0.04052396774291993,0.0037740820646286017,0.26654826764413203,0.045826124397700466
0.04677,0.04115554322515215,0.003842163290296282,0.2720105981035784,0.04700944039055242
0.04899714285714286,0.04177514355523245,0.003925115261759077,0.277653382897339,0.04843628241345477
0.051224285714285715,0.04229760009901864,0.003977506586483547,0.2834840286873998,0.05009927666537652
0.05345142857142857,0.04271392631530762,0.0039911240339279164,0.2894767564768557,0.05196733179106138
0.05567857142857143,0.04314092312540326,0.003980221492903573,0.2955664864346879,0.05398216083860694
0.05790571428571428,0.04378263773236955,0.00410344510419028,0.30165112364301117,0.05605941227629973
0.06013285714285714,0.04466704354967388,0.004324459552764892,0.3076019505546409,0.05809437652508155
0.06236,0.045513922555106015,0.004576617871012006,0.31328059830125593,0.05997157368277408
0.06458714285714286,0.046351690258298606,0.004832765902791705,0.318560092019684,0.06157699640759346
0.06681428571428571,0.047036128384726386,0.004989512733050754,0.3233468854243329,0.06281144784349486
0.06904142857142857,0.04778473561150687,0.005124916757856097,0.3276006752198602,0.0636033008010657
0.07126857142857143,0.048498665673392165,0.005190714716911316,0.3313490951847774,0.0639190936677567
0.07349571428571429,0.04924794680731637,0.005274391889572143,0.33469505329641064,0.06377062972315711
0.07572285714285715,0.050006696837288984,0.005443146552358355,0.3378153826489915,0.06321761412286206
0.07795,0.05078956416675022,0.00560330901827131,0.34095050854278774,0.06236530861061244
0.08017714285714286,0.051584273338317874,0.0057498568977628435,0.34438587421191463,0.06135717835955498
0.08240428571428571,0.05229776941026959,0.005891895600727626,0.34842681131286374,0.06036302044050532
0.08463142857142857,0.053048089640481126,0.006077552165303909,0.3533692997961947,0.059563565511745166
0.08685857142857142,0.05390787945474897,0.00634840304510934,0.35946956768383476,0.059132989683180745
0.08908571428571428,0.05487172535487584,0.006607443009104049,0.3669156917602009,0.059221109397415476
0.09131285714285714,0.05578907918930054,0.006765324166842868,0.3758042565994305,0.0599372020180986
0.09354,0.05656386825016567,0.006821483016014099,0.38612471396282017,0.06133734745294519
0.09576714285714286,0.057244348457881386,0.006829539213861737,0.3977533797716052,0.0634168897103982
0.09799428571428571,0.05803480393545968,0.006878927656582425,0.41045805988832484,0.06610907580362167
0.10022142857142857,0.05887659038816179,0.006924895814486914,0.42391319242588427,0.06929019528668606
0.10244857142857143,0.059815059525626046,0.007065911446298872,0.43772425471685456,0.0727907178987202
0.10467571428571429,0.060763285091945105,0.007212836640221733,0.451459153779403,0.07641114246682819
0.10690285714285715,0.06188053131103515,0.007490258506366186,0.46468354387362365,0.07994066354457119
0.10913,0.06304434486797879,0.007783761552401952,0.47699660274857847,0.08317643976045061
0.11135714285714286,0.06421014411108834,0.008044316513197761,0.48806379947715356,0.08594126070870148
0.11358428571428572,0.0652855053969792,0.008279810156141007,0.49764358299293676,0.08809774221491236
0.11581142857142857,0.06636754962376185,0.008452788642474583,0.5056056332561915,0.0895577577018717
0.11803857142857142,0.06746782268796646,0.008656208259718759,0.5119392308636607,0.0902865218195524
0.12026571428571428,0.06864242049625942,0.008906429852758132,0.5167512915987392,0.09030145578710953
0.12249285714285714,0.069892760515213,0.009149756942476547,0.5202545705308379,0.08966657036230588
0.12472,0.0710840015411377,0.009344597697257996,0.5227473834808652,0.08848352138576024
0.12694714285714287,0.07221843831879751,0.009450041941234045,0.5245868672804731,0.08688068297272361
0.1291742857142857,0.07332148327146258,0.009492700457572936,0.5261582716162371,0.08500154473873792
0.13140142857142856,0.07455222208159311,0.00963704366343362,0.5278430277183778,0.08299351267435512
0.13362857142857143,0.07577527523040771,0.0098159978219441,0.5299883681173077,0.08099785387502838
0.13585571428571427,0.07694570653779166,0.010062737005097522,0.5328810821419833,0.07914116889277822
0.13808285714285715,0.07812504727499824,0.010368553689547947,0.5367275968786341,0.07752849417309506
0.14031,0.07930974081584384,0.010687350136893132,0.5416419947025796,0.07623799294313556
0.14253714285714286,0.08049410329546247,0.010958355375698638,0.5476428500406352,0.07531719825510252
0.1447642857142857,0.08168209127017431,0.011170014142990113,0.5546589401376663,0.07478088482345999
0.14699142857142858,0.08277645594733103,0.01118999295575278,0.562543026674764,0.07461078543078112
0.14921857142857142,0.084033509016037,0.011232021059308733,0.571092102927997,0.07475744166562767
0.1514457142857143,0.0853217875616891,0.011310294236455645,0.5800718485148872,0.07514442077053178
0.15367285714285714,0.08667367727415902,0.011434337275368828,0.5892426181805456,0.07567492363809264
0.1559,0.08802831547600883,0.011594052229608813,0.5983841763115312,0.07624049240398521
0.15812714285714286,0.08943777639525277,0.011804746764046806,0.6073165991769028,0.0767311784750954
0.16035428571428573,0.09081116839817592,0.012034766895430428,0.6159152789563436,0.07704624336613974
0.16258142857142857,0.09224358599526541,0.012315040741647994,0.6241187096071186,0.07710430830664854
0.16480857142857142,0.0935650858197893,0.012433664883886062,0.6319286152482054,0.07685188129495865
0.1670357142857143,0.09489468336105346,0.01249422984463828,0.6394028846748272,0.07626936877266333
0.16926285714285713,0.09637094470432823,0.012714956028120852,0.6466425937136424,0.07537398701591588
0.17149,0.09797526407241822,0.01293899895463671,0.6537750412306278,0.07421936952609473
0.17371714285714285,0.09960006836482457,0.013221486449241638,0.6609351283737399,0.07289205743830285
0.17594428571428572,0.10110463047027587,0.013386472872325353,0.668247529726232,0.07150539759177786
0.17817142857142856,0.10240765162876675,0.013383674366133556,0.6758119174149991,0.07019160354595026
0.18039857142857144,0.10371510137830461,0.013419205410139903,0.6836930125546935,0.0690928240902159
0.18262571428571428,0.1051029316357204,0.013504979968070985,0.691916503112542,0.06835200898799859
0.18485285714285715,0.10670523142814636,0.013706167885235376,0.7004709843072137,0.06810419774999892
0.18708,0.10829056903294156,0.01389693037101201,0.7093151892087325,0.06846864878716162
0.18930714285714287,0.10987577881131853,0.014032984631402151,0.7183890376872467,0.06954204627295967
0.1915342857142857,0.11157165622711182,0.014283373951911926,0.7276265695474949,0.07139292594215697
0.19376142857142858,0.11330124633652824,0.014538708942277089,0.7369687129660015,0.07405746816814948
0.19598857142857143,0.11511735779898509,0.014808655619621278,0.7463740699946041,0.07753689437771485
0.19821571428571427,0.1167439039094107,0.01493987350804465,0.7558264061989406,0.0817968140232633
0.20044285714285714,0.11838320663997104,0.015075903705188206,0.7653381919470731,0.08676892993068558
0.20267,0.12003400897979732,0.01518966429574149,0.7749502201204347,0.09235545296113959
0.20489714285714286,0.12181132180350167,0.015344788908958436,0.7847278945113217,0.09843636651597405
0.2071242857142857,0.12360257332665577,0.01550257553373064,0.7947551593862945,0.10487932768900743
0.20935142857142858,0.12538190909794397,0.015760710086141314,0.8051271879506581,0.11155155222495135
0.21157857142857142,0.1271366456576756,0.016111059018543785,0.8159428761878268,0.11833259532495306
0.2138057142857143,0.12889413888113838,0.016462147321019856,0.8272979439113659,0.1251266091019922
0.21603285714285714,0.13065193230765204,0.0167795592716762,0.8392790951219877,0.13187251246772133
0.21826,0.13244629832676477,0.017016657880374368,0.8519593173008797,0.13855059672533485
0.22048714285714285,0.13428961774281092,0.01725371396541595,0.865394091334947,0.1451844139802217
0.22271428571428573,0.13636482102530342,0.01761430374213627,0.8796181184292032,0.15183732255479532
0.22494142857142857,0.13846227305276052,0.017997358134814675,0.8946421968699477,0.15860373433470634
0.22716857142857144,0.14066495990753175,0.01852182274205344,0.9104501001767595,0.1655958448088111
0.2293957142857143,0.14275557412420004,0.018954578569957192,0.9269956595465274,0.17292733238999944
0.23162285714285713,0.14479515348161967,0.019349266886711118,0.9442006260090345,0.18069608080137434
0.23385,0.1468021038600377,0.019735555308205744,0.961954146714326,0.18896829594688128
0.23607714285714285,0.1487686114992414,0.02007261386939457,0.9801147200958866,0.19776636527598687
0.23830428571428572,0.1507320590019226,0.02040498323099954,0.998515241860095,0.20706239803004475
0.24053142857142856,0.15286289705548967,0.020714944447789867,1.0169712482634579,0.21677861202646562
0.24275857142857143,0.15504677043642318,0.02106418257100242,1.0352918177665311,0.22679469636001595
0.24498571428571428,0.15751401015690394,0.021527495639664784,1.0532919726019667,0.23696114558027445
0.24721285714285715,0.16004131514685493,0.022120139632906235,1.0708049986148966,0.24711653405452705
0.24944,0.16257296180725098,0.022726740990366253,1.0876929988631665,0.2571059813360414
0.25166714285714287,0.1650768462930407,0.023408507585525512,1.1038542537831282,0.26679780498660677
0.25389428571428574,0.1675515866279602,0.024140820963042122,1.1192265237431436,0.2760956367604427
0.25612142857142856,0.17002384747777663,0.02487397057669503,1.1337861689148272,0.2849440589659477
0.2583485714285714,0.17248821749005996,0.025577909486634392,1.14754371108613,0.293326969386425
0.2605757142857143,0.17505477118492127,0.026248536075864515,1.1605370640635742,0.30125920086349345
0.2628028571428571,0.17762146697725567,0.02691873494216373,1.172823996035201,0.30877316601214305
0.26503,0.18018816276959007,0.027588933808462945,1.1844753995229105,0.3159032384497026
0.26725714285714286,0.18277366501944403,0.02821762672492435,1.1955706356683353,0.3226710404903853
0.26948428571428573,0.18535646438598632,0.028778166362217496,1.206195650569524,0.3290746878820687
0.27171142857142855,0.1879359531402587,0.029340996861457812,1.216443840804694,0.335084350624962
0.2739385714285714,0.19064340581212716,0.030015215686389363,1.2264189143351156,0.34064533457866075
0.2761657142857143,0.19366393211909697,0.030873471277100686,1.2362384040255134,0.3456884696097928
0.27839285714285716,0.1966844584260668,0.03173172686781202,1.2460361790500887,0.35014616128668896
0.28062,0.1996837957245963,0.03257628027030398,1.2559623496212535,0.3539712894947477
0.28284714285714285,0.20245304380144388,0.03343889514037541,1.2661793804555832,0.3571554417684908
0.2850742857142857,0.20515635762895862,0.0343353328875133,1.2768539384586992,0.3597428884149318
0.2873014285714286,0.2078632756641933,0.035233184967722216,1.2881448507361655,0.3618372664183521
0.2895285714285714,0.21063283988407683,0.03617096790245601,1.300188362934388,0.36359905275513704
0.2917557142857143,0.21357227795464648,0.03706693809373037,1.3130825088954095,0.36523339341200933
0.29398285714285716,0.2165117160252162,0.03796290828500475,1.3268727294405238,0.366969466672877
0.29621,0.21950288268498,0.0387878836223057,1.3415408726030742,0.36903402788623507
0.29843714285714285,0.2225373347146171,0.03953941275392261,1.3569993831081277,0.37162285561163366
0.3006642857142857,0.22555003779275076,0.04023559536252703,1.373091893844517,0.3748743033224733
0.3028914285714286,0.22848683820452015,0.040855129940169196,1.3896006404460146,0.378848959637763
0.3051185714285714,0.23143299424648273,0.04148553350993563,1.4062602293237751,0.38351855406327034
0.3073457142857143,0.23450797002656115,0.04229018941947392,1.422776419812009,0.38876585571714556
0.30957285714285715,0.23772842958995272,0.043226184112685063,1.4388478675787055,0.3943956397860424
0.3118,0.24120386157717025,0.04426192224025726,1.4541883480883926,0.400155134101843
0.31402714285714284,0.24463784895624427,0.04524988371985298,1.4685469264886135,0.40576099205740424
0.3162542857142857,0.24799445983341764,0.04619395472322192,1.4817238848060146,0.41092898665078204
0.3184814285714286,0.2512254570211683,0.04715436315536497,1.4935808956064056,0.41540239558866077
0.32070857142857145,0.25446816846302583,0.0481670036486217,1.5040448098828334,0.4189754442901052
0.32293571428571427,0.25778476102011544,0.049199940987995676,1.5131053396863834,0.42150908667412207
0.32516285714285714,0.26123263256890433,0.0502508123091289,1.5208077067493093,0.4229376558887722
0.32739,0.2646805030618395,0.05120549566405159,1.527241880926736,0.423266293859186
0.32961714285714283,0.26803234434127804,0.05208285667215072,1.5325302816988569,0.42256035074365655
0.3318442857142857,0.2711780671732766,0.05273219239711761,1.536815747615428,0.42092894365147543
0.3340714285714286,0.27432985646384095,0.053476107546261364,1.5402512256856358,0.41850544915333926
0.33629857142857145,0.2775871794904981,0.05422064369065422,1.5429920750829584,0.41542782847370124
0.33852571428571426,0.28115496683120716,0.05520979624135151,1.5451912368028549,0.4118213854312139
0.34075285714285714,0.28480302068165375,0.056238632798194896,1.5469969321613934,0.407785941542374
0.34298,0.28845111554009567,0.05724957678999221,1.5485521418074892,0.4033886219497591
0.3452071428571429,0.2919829259599958,0.05817713405404773,1.549994953756722,0.3986626185750269
0.3474342857142857,0.2954570631640298,0.059062220862933563,1.551458949631487,0.39361153956084083
0.34966142857142857,0.29892944730179655,0.05992652027947563,1.553073049981961,0.38821833092580793
0.35188857142857144,0.302338405421802,0.06081576325212206,1.5549605519063163,0.38245729749657503
0.3541157142857143,0.30566106023107265,0.061525669966425216,1.557237358800072,0.37630746800913956
0.35634285714285713,0.308926317351205,0.06227761447429658,1.5600095560101854,0.36976545305267977
0.35857,0.3123242777756282,0.06305108634063175,1.5633705183430504,0.36285604643075187
0.36079714285714287,0.3158549883025033,0.06397065225669316,1.5673976912092416,0.35563913082823206
0.3630242857142857,0.31949581354004986,0.06495677232742307,1.572149142955653,0.348211961223564
0.36525142857142856,0.32319695527212966,0.06589623023782458,1.5776600124856412,0.34070657281523165
0.36747857142857143,0.3268188147885458,0.06669944592884607,1.583939104353512,0.33328280532771026
0.3697057142857143,0.3304117509978158,0.06738939835344042,1.5909660860250616,0.3261181217596877
0.3719328571428571,0.3339128523894718,0.06797163055624279,1.5986899412724127,0.319395882963724
0.37416,0.33739962373461047,0.06849626297610148,1.6070294305949995,0.3132939052376593
0.37638714285714286,0.3408386651107242,0.06907457414695195,1.615876221893568,0.30797493045693525
0.37861428571428574,0.3443105525629861,0.06961338358266013,1.6251010499925236,0.3035801194031406
0.38084142857142855,0.34783925017288747,0.0702717364515577,1.6345627759249934,0.3002259609379627
0.3830685714285714,0.3516072042328971,0.07095836320945195,1.644119641438832,0.2980042423811802
0.3852957142857143,0.35541767403057634,0.0718042685644967,1.6536414829459414,0.2969841224124026
0.38752285714285717,0.3593392615999494,0.07267676934174126,1.6630213137758842,0.297215017195894
0.38975,0.36309286270822794,0.07344592213630675,1.672184597472713,0.2987290082764473
0.39197714285714286,0.3667809623309544,0.07413036389010294,1.6810947475454383,0.3015417764324535
0.39420428571428573,0.37043279685292935,0.07469789940970284,1.6897538629884081,0.30565155828058554
0.39643142857142855,0.3742091554914201,0.07528672431196483,1.6981983579350353,0.3110361775061136
0.3986585714285714,0.3781114498887743,0.07596241652965545,1.706489861934111,0.317648694850038
0.4008857142857143,0.38206534624099736,0.07668557686465127,1.7147024516338554,0.3254125665450896
0.40311285714285716,0.38594682703699384,0.07744879819665637,1.722907835591713,0.3342173681447964
0.40534,0.389706090382167,0.07822244387013569,1.7311604771378162,0.3439161404968393
0.40756714285714285,0.393465398481914,0.07900953434194835,1.7394847496767136,0.35432527992750307
0.4097942857142857,0.3972206849370684,0.07978295477799006,1.7478660463451603,0.3652276617677753
0.4120214285714286,0.4011010742187501,0.08057499842984336,1.756247322833496,0.3763793848446679
0.4142485714285714,0.4050489129338944,0.08144590331826886,1.764531893288064,0.3875201767520728
0.4164757142857143,0.40904863595962526,0.0824148472888129,1.77259251368347,0.3983871239402853
0.41870285714285715,0.4130531142779759,0.08337321058341433,1.7802859785461587,0.40873100471511636
0.42093,0.41701756824765884,0.08428238926615035,1.7874717229173716,0.41833412657817876
0.42315714285714284,0.42094060318810594,0.08510312037808554,1.7940323404344936,0.42702822584704836
0.4253842857142857,0.4249022455215453,0.08593352413177491,1.7998935573242112,0.43471071015082646
0.4276114285714286,0.4288941247803824,0.08685718933173588,1.8050410803103063,0.4413573600813684
0.4298385714285714,0.4329135187608854,0.08782560932636259,1.8095318896833834,0.44702961542572034
0.4320657142857143,0.4369094057594026,0.08885425412654875,1.81349798832011,0.4518748174975131
0.43429285714285715,0.4409028570992605,0.08994500739233835,1.8171413337699611,0.4561183078544087
0.43652,0.44509228025163916,0.09115598332881926,1.8207196343690217,0.46004709807494454
0.43874714285714284,0.4492841083662849,0.09234337830543517,1.8245238046070476,0.46398586545329373
0.4409742857142857,0.4535036520957946,0.09350767001083918,1.8288490312157384,0.4682671665774019
0.4432014285714286,0.4576334278583526,0.09450400204317909,1.8339624447536067,0.47319880986471036
0.44542857142857145,0.46177166530064173,0.09552293206964217,1.8400711478751115,0.47903208135039665
0.44765571428571427,0.46576493402889785,0.09649642343180519,1.8472946587561179,0.48593479119768446
0.44988285714285714,0.4697188163484846,0.09748745967660634,1.855645574618908,0.4939727884010016
0.45211,0.4735659174237932,0.0983749564204897,1.865021421022174,0.5031026694332712
0.4543371428571429,0.47754021017892023,0.09937732194151197,1.87520931094758,0.5131769897305534
0.4565642857142857,0.4815684023925237,0.10037455788680487,1.885903382950037,0.523961582369824
0.4587914285714286,0.48579751307623725,0.10153285535744261,1.8967332842365372,0.5351628689501375
0.46101857142857144,0.49025439511026647,0.1028277826649802,1.907300497639826,0.5464616017117706
0.46324571428571426,0.4947552702767507,0.10419659030437466,1.917218321411569,0.5575485512620855
0.46547285714285713,0.49914593904358995,0.10564143984658379,1.9261509368589453,0.568157409392722
0.4677,0.5034005747522626,0.10702823204653604,1.9338472519112366,0.5780906494347123
0.4699271428571429,0.5075717118467603,0.10838642009666986,1.9401659828188704,0.5872351902144752
0.4721542857142857,0.5118293454306464,0.1097616154296057,1.9450895536727475,0.5955662527747065
0.47438142857142857,0.5162033690043858,0.11114511350222998,1.9487256624476468,0.6031395263388434
0.47660857142857144,0.520579265322004,0.11249148585115162,1.9512966226505462,0.6100733996603461
0.4788357142857143,0.5248858533586773,0.11372521638870237,1.9531177322930964,0.6165243229655607
0.4810628571428571,0.5292421466282434,0.11494335489613666,1.9545668832432819,0.6226591673235545
0.48329,0.5336499020372117,0.11626837199074883,1.9560483678451905,0.6286286561007693
0.48551714285714287,0.538170466218676,0.11775590772288189,1.957954338988014,0.6345455688024251
0.48774428571428574,0.5426658002989633,0.11923520021779196,1.9606276053614047,0.6404705587819995
0.48997142857142856,0.5470172418866838,0.12062437372548238,1.964329362259822,0.6464072387475879
0.49219857142857143,0.5512090740203858,0.1219691720179149,1.9692150417979442,0.6523068514602285
0.4944257142857143,0.5554103726659504,0.12334884314877646,1.9753207105657158,0.6580815334269451
0.4966528571428571,0.5597680300814762,0.12489333387783584,1.9825613893373533,0.6636240524054884
0.49888,0.5642744494165692,0.12640961594241001,1.990741418327344,0.6688310814003796
0.5011071428571429,0.568782849396978,0.12788422107696532,1.999575692411067,0.6736266507066316
0.5033342857142857,0.5732671257768358,0.12940315868173327,2.0087194151129215,0.6779824362214945
0.5055614285714286,0.5777275693586895,0.13094826594420844,2.0178031246572234,0.6819319845724752
0.5077885714285715,0.5822599153518676,0.1325278957401003,2.0264692416538157,0.685576780546839
0.5100157142857142,0.5868744554179053,0.1341415883132389,2.034406326898781,0.6890831243171982
0.5122428571428571,0.5914347352300371,0.13567387810775208,2.041377607544243,0.692669969036916
0.51447,0.59590450154032,0.1371612115587507,2.0472410642064296,0.6965890218007693
0.5166971428571429,0.6002847183772495,0.13860281550884243,2.051959364120583,0.701099383820986
0.5189242857142857,0.604819606917245,0.14005342621462685,2.055599048994426,0.7064396747156286
0.5211514285714286,0.6094470789773123,0.14160408621174947,2.0583195127910283,0.7128008722327158
0.5233785714285715,0.6140817213058474,0.143152135014534,2.060353321144128,0.7203029819615749
0.5256057142857142,0.6186803515298023,0.1447635923964636,2.06198023921103,0.7289781691287679
0.5278328571428571,0.6232882931062151,0.1464025609833853,2.0634978794082537,0.7387622195035226
0.53006,0.6278962346826279,0.14804152957030697,2.065192107250764,0.7494952581993689
0.5322871428571428,0.6324787447111948,0.14970256802013943,2.0673102300992845,0.7609316608510401
0.5345142857142857,0.6369548038073948,0.15140883420194892,2.0700395498288384,0.7727581518483576
0.5367414285714286,0.6414308629035949,0.15311510038375853,2.0734931352639374,0.7846182937692703
0.5389685714285715,0.6459140651566642,0.15484688869544438,2.077703754260125,0.7961410034535943
0.5411957142857143,0.6506017339229583,0.15669559354441506,2.0826259240741454,0.8069704286780176
0.5434228571428571,0.6553311255999972,0.15856064661911543,2.08814513408888,0.8167944992689408
0.54565,0.6600605172770362,0.16042569969381598,2.094092596778435,0.8253697087272192
0.5478771428571428,0.6647938406637734,0.1622247307172843,2.100263478469442,0.8325401373260218
0.5501042857142857,0.6695561330573899,0.16403492804297382,2.106436476436568,0.8382493233580772
0.5523314285714286,0.6743184254510061,0.1658451253686632,2.112392804971978,0.842544246204645
0.5545585714285715,0.6790437801650591,0.16767474338625155,2.1179330440395416,0.8455713321450401
0.5567857142857143,0.6837018557957241,0.16957297495433263,2.1228907814438194,0.8475649808745844
0.5590128571428571,0.6883531656946453,0.1714795765876769,2.127142440252253,0.8488296109697178
0.56124,0.693011887686593,0.1733612294197082,2.1306130540343022,0.8497166276533396
0.5634671428571428,0.6977424237728115,0.17525971531867973,2.133278003759001,0.8505980257149144
0.5656942857142857,0.7025668591771808,0.17723214285714287,2.1351608778697218,0.8518385526829614
0.5679214285714286,0.7073904975822993,0.17920794129371645,2.1363277104978935,0.8537684651127895
0.5701485714285714,0.7122020968028477,0.1811178163119725,2.136877952685209,0.8566589017989115
0.5723757142857143,0.7170068081106458,0.18296669610909053,2.136932685388163,0.8607017581084797
0.5746028571428572,0.721807679925646,0.1848433507851192,2.1366208069682693,0.8659956660598175
0.57683,0.7265933749675749,0.1867854629073823,2.1360642000035397,0.872539266750697
0.5790571428571428,0.7313650155067444,0.18880866936274934,2.135363149157701,0.8802324227327173
0.5812842857142857,0.7361692617450439,0.19081921688147951,2.1345834733402005,0.8888853922064438
0.5835114285714286,0.7408593790531157,0.19277199891635347,2.1337468827113963,0.8982353220830323
0.5857385714285714,0.7455530687144825,0.1946717800412859,2.1328259241900724,0.9079687689954844
0.5879657142857143,0.7501769093104771,0.19655563661030362,2.1317445205174423,0.9177483870215474
0.5901928571428572,0.7548889594844408,0.198668178830828,2.1303845602888605,0.9272414908936972
0.59242,0.7596994032348903,0.20087664651870715,2.128598320794331,0.93614797219545
0.5946471428571428,0.7645710723400115,0.20306212445667815,2.12622578940925,0.9442250554111395
0.5968742857142857,0.7693695498194014,0.20512116295950755,2.1231152873109003,0.9513066421054446
0.5991014285714286,0.7739982342379432,0.2071574625458036,2.119145275577731,0.9573154789616948
0.6013285714285714,0.7785748319966451,0.20923086268561228,2.114244902841244,0.9622670422555394
0.6035557142857143,0.7832089712790081,0.21137969914504456,2.1084107815338116,0.9662647869845666
0.6057828571428572,0.7879942195756094,0.2136237164224897,2.1017176872602796,0.9694871941421813
0.60801,0.7928512832948138,0.21586934275286532,2.0943213754413645,0.972167802031342
0.6102371428571428,0.7975992426191055,0.21802657675743087,2.0864524824672794,0.9745700675465903
0.6124642857142857,0.8022744221346719,0.2202373112951006,2.0784014607426298,0.9769594104968501
0.6146914285714286,0.8068692297935485,0.222388961996351,2.0704955747144886,0.9795750902574047
0.6169185714285714,0.8114515764713287,0.22455776068142486,2.063070010978372,0.982604605051641
0.6191457142857143,0.8159832560675484,0.22665666602339066,2.0564359785117445,0.9861630725222774
0.6213728571428572,0.8205525833198004,0.22885421515362608,2.0508491716699173,0.9902795633730245
0.6236,0.8251142621040344,0.2310597825050354,2.046482066295414,0.9948916699053494
0.6258271428571428,0.8295976470197948,0.23324553023065828,2.043403204942821,0.9998487777301307
0.6280542857142857,0.834096603802272,0.23541185028212405,2.041565943005079,1.0049236668299715
0.6302814285714285,0.8386052391529084,0.23755653442655292,2.040808159773669,1.009831295015235
0.6325085714285714,0.8432172451700483,0.23985543983323238,2.0408633028897407,1.014253000197369
0.6347357142857143,0.8478087801592691,0.2422128328255245,2.041381959760118,1.0178639632792135
0.6369628571428572,0.8523289457048688,0.2446329291207449,2.041962059869407,1.0203616322536209
0.63919,0.8568120307581764,0.24700055624757494,2.042184914590841,1.0214929082779216
0.6414171428571429,0.8613190157072885,0.24924856509481158,2.0416536786179633,1.0210781798051403
0.6436442857142857,0.865894520453044,0.25146448610510136,2.0400305261725613,1.019030673966649
0.6458714285714285,0.870570763179234,0.2536331095014299,2.037068906193867,1.0153699827528744
0.6480985714285714,0.8752247690132685,0.25580643360955374,2.0326376747462747,1.0102289470029417
0.6503257142857143,0.8798007317270551,0.2579536388601576,2.0267346657760577,1.0038533217139625
0.6525528571428572,0.8842873513017383,0.26010063106673104,2.019488281516205,0.9965938313024246
0.65478,0.8887389820643833,0.26229551778520854,2.011146857992536,0.9888904230204484
0.6570071428571429,0.8932281397070202,0.264536240526608,2.002056768169407,0.9812488264377985
0.6592342857142857,0.897731438704899,0.2668206194128308,1.9926313433203757,0.9742099972813807
0.6614614285714285,0.9022135779857635,0.26924887965406696,1.9833136125637447,0.9683136900992876
0.6636885714285714,0.9066225655419485,0.2715924406732831,1.9745364908195642,0.9640582244530463
0.6659157142857143,0.9110112268924713,0.2738759989908763,1.9666843192706212,0.9618593695832438
0.6681428571428571,0.9153828365462167,0.27613852960722785,1.9600595400269534,0.9620120008491586
0.67037,0.9196668236936842,0.27816995991979326,1.9548577638544713,0.9646585817861528
0.6725971428571429,0.9239701745169505,0.28017447686195374,1.9511536056612555,0.9697684257875994
0.6748242857142858,0.9282565921715327,0.28211085173061917,1.9488985030103132,0.9771309922398527
0.6770514285714285,0.9324781883103505,0.2841035748549869,1.9479304272354778,0.9863651868203781
0.6792785714285714,0.9367260032040733,0.2862624378715243,1.94799410403745,0.9969449039233452
0.6815057142857143,0.9411369203839984,0.28850267573765354,1.948769249530233,1.008239117228626
0.6837328571428571,0.9455881030559539,0.2907932357788086,1.9499035498731743,1.0195629978909515
0.68596,0.9501278589112417,0.2931487008844103,1.9510467721335927,1.0302351191116428
0.6881871428571429,0.95452850154468,0.2956020246403558,1.9518825236857629,1.0396350227867466
0.6904142857142858,0.9589039257594517,0.29808027812412813,1.9521547287396395,1.047255395559884
0.6926414285714285,0.9632464001178738,0.30052773082256296,1.9516867445935375,1.0527438113190082
0.6948685714285714,0.9676001915931701,0.30293314807755606,1.9503920367927512,1.0559303047122517
0.6970957142857143,0.9719711012329374,0.3053392689398356,1.9482763069455669,1.056838715667822
0.6993228571428571,0.9762834802014487,0.30768935639517647,1.9454317827673064,1.055681517389187
0.70155,0.9804692150865282,0.3098702896492821,1.9420249495330488,1.0528394517394308
0.7037771428571429,0.9846229857036045,0.3120164352485112,1.9382792972714291,1.0488285489276417
0.7060042857142858,0.9888950923170362,0.3141841825928006,1.9344547093088982,1.0442578994611542
0.7082314285714286,0.9932241504532949,0.3164284006527492,1.9308250030963654,1.039781876251188
0.7104585714285714,0.9976554562364305,0.3188274036305291,1.9276549551809894,1.0360504623933062
0.7126857142857143,1.0020416668483192,0.3212687020642417,1.9251779917709047,1.0336610628803007
0.7149128571428571,1.0063842980861661,0.3237159018175941,1.923575659016185,1.0331148022497556
0.71714,1.0106371370043072,0.32609889824049804,1.9229600031654988,1.0347799262190958
0.7193671428571429,1.0149055639675686,0.3284692584446498,1.9233600415402494,1.0388645586632144
0.7215942857142857,1.0191986060823712,0.33081736179760524,1.9247135153014288,1.0454006790644292
0.7238214285714286,1.023497939961297,0.33310703592641006,1.9268650092488102,1.0542407070214803
0.7260485714285714,1.0277576924051557,0.3353818802152361,1.929571249683939,1.0650674363072399
0.7282757142857142,1.0320165252344946,0.337670220698629,1.9325139301771606,1.077417211349005
0.7305028571428571,1.0363215807506019,0.3401076582159316,1.9353197861934077,1.0907152002698033
0.73273,1.0405460462910787,0.34250015997886657,1.9375868985666056,1.104320471083573
0.7349571428571429,1.0448240358488898,0.3449229569094521,1.9389154392179837,1.1175774564959517
0.7371842857142857,1.0491138839381082,0.3473091518538339,1.9389403871992714,1.1298694654201207
0.7394114285714286,1.053475660596575,0.3498508192811693,1.9373632507599934,1.140669334636712
0.7416385714285715,1.0578606413091929,0.35249757192816045,1.933979628734948,1.1495822501052408
0.7438657142857142,1.0621786893435883,0.3551428630692617,1.9286995956616786,1.1563762831236755
0.7460928571428571,1.0664620428425926,0.35783300093242104,1.9215584163280444,1.1609972808943336
0.74832,1.0707381743022375,0.36051096381459924,1.9127159524508162,1.1635663347633673
0.7505471428571429,1.0750496069703783,0.36320511366639824,1.9024442361492526,1.1643599510386904
0.7527742857142857,1.0793829026222228,0.3659234098366328,1.8911039353343888,1.163775036150805
0.7550014285714286,1.0836783194882527,0.368524036850248,1.8791116854467371,1.1622826175216137
0.7572285714285715,1.087854529789516,0.3711009282725198,1.8669013608287088,1.1603755990282507
0.7594557142857142,1.0919447762966152,0.3735615691798072,1.8548831644707413,1.1585165873157297
0.7616828571428571,1.096019901888711,0.3760289445604596,1.8434048098525657,1.1570917968532595
0.76391,1.1000505053315843,0.378443665930203,1.8327189818960516,1.156376230158582
0.7661371428571428,1.1041024836131503,0.38089335492679055,1.8229606846271216,1.1565138346009403
0.7683642857142857,1.1081303039618902,0.3833259455433914,1.8141370640079129,1.1575143635577072
0.7705914285714286,1.1120802843230109,0.3858256339941706,1.8061309457710841,1.1592664974285338
0.7728185714285715,1.1160202775342125,0.38843531895109573,1.7987178036371552,1.1615647207423216
0.7750457142857143,1.1199843294961112,0.39111091216972893,1.7915943528611482,1.1641457991377777
0.7772728571428571,1.1239793377263203,0.3938344608204704,1.7844156338149295,1.1667296824122764
0.7795,1.128017999444689,0.3966285837548119,1.7768364800955565,1.1690594014712299
0.7817271428571428,1.1320739315237316,0.3993965695415224,1.7685527847295233,1.170935028789245
0.7839542857142857,1.1360570219584876,0.4021003111941475,1.7593380536530647,1.1722379148536393
0.7861814285714286,1.1400367914949145,0.4047171032258442,1.7490713597101164,1.1729429839216432
0.7884085714285715,1.1440119716780528,0.40730359586647585,1.7377538982176866,1.1731186064960517
0.7906357142857143,1.1480166436944688,0.40986470503466454,1.7255127463741362,1.172915195802049
0.7928628571428571,1.151881087984357,0.41241320002078996,1.7125919483459704,1.1725449765130964
0.79509,1.1557189915180204,0.4149789742231367,1.6993324734974378,1.1722561965839366
0.7973171428571428,1.1594473302704948,0.4175290629352842,1.6861437291603398,1.1723053382770399
0.7995442857142857,1.1629504271575382,0.4200279230560575,1.6734700014095991,1.1729306618872837
0.8017714285714286,1.1663881526674547,0.422516935808318,1.661755374875951,1.1743297886694446
0.8039985714285715,1.1698304040431975,0.4250105812038694,1.6514103698313505,1.1766431518760962
0.8062257142857143,1.173577148096902,0.4277663341420038,1.6427828514112681,1.1799441914921893
0.8084528571428572,1.1774410459995266,0.43059811329841596,1.6361348985230415,1.1842363014675414
0.81068,1.1813050932203017,0.43342965437684716,1.6316264688344047,1.1894558740543264
0.8129071428571428,1.18502161690167,0.4360949974400655,1.6293060149467549,1.195480370214877
0.8151342857142857,1.1885398812294008,0.43853892195224764,1.6291077625324093,1.2021401515431676
0.8173614285714286,1.1920647545201437,0.4409979723351342,1.6308551318415636,1.2092327634766977
0.8195885714285714,1.1955990168707713,0.44353616855825706,1.6342696911605945,1.2165383821690399
0.8218157142857143,1.1992554060731615,0.446340699178832,1.6389849866904964,1.2238351825573748
0.8240428571428572,1.202905968597957,0.4491177966764996,1.6445645368783395,1.2309134562163904
0.82627,1.2065723359584803,0.4518973460027147,1.650523188431023,1.2375874418830997
0.8284971428571428,1.2102689522334504,0.45467511795248283,1.6563509145561706,1.2437040681660767
0.8307242857142857,1.2140074689388274,0.45758626973628985,1.661538016130702,1.2491481589317477
0.8329514285714286,1.2177458415031432,0.4604982012169701,1.665600587170929,1.2538440898680236
0.8351785714285714,1.2214506311076028,0.46337027315582546,1.6681050451165964,1.2577543474744923
0.8374057142857143,1.2251391788210186,0.4661477369070052,1.6686905147328361,1.2608758462766905
0.8396328571428572,1.2288287994180407,0.4688608233843531,1.6670878966280258,1.2632351218651856
0.84186,1.2325616190092903,0.4715935365302223,1.6631345487059355,1.264883571512918
0.8440871428571428,1.2363114163875581,0.47435286962985973,1.6567836608525077,1.2658937349223605
0.8463142857142857,1.2399744497026715,0.4771994520085197,1.6481076077999262,1.2663572198445443
0.8485414285714286,1.243579205206462,0.4800431893723351,1.637294818130125,1.2663843535782577
0.8507685714285714,1.2471027594293866,0.4828316865137644,1.624639992925504,1.2661050863881185
0.8529957142857143,1.250675306081772,0.48563010179996485,1.6105278414075992,1.2656702000880642
0.8552228571428572,1.2543011663981845,0.48844066594328195,1.5954108731357481,1.265251583386768
0.85745,1.257904157468251,0.49135145536490843,1.5797821985234242,1.2650402912713203
0.8596771428571428,1.2615254274777001,0.4942905858414512,1.5641447339192918,1.2652413299635132
0.8619042857142857,1.265109113727297,0.49719198775291434,1.5489786537351902,1.2660645724338442
0.8641314285714286,1.268490327290126,0.4999172030346733,1.5347093191177446,1.2677118347163767
0.8663585714285714,1.2718373606204987,0.5026189939975738,1.5216781554966705,1.2703608188522135
0.8685857142857143,1.2749823294367109,0.505256956389972,1.510118962859419,1.2741472339611966
0.8708128571428572,1.2781611414296286,0.508016062106405,1.5001418643832485,1.2791468440854952
0.87304,1.2814914159774777,0.510899859717914,1.4917265285300803,1.2853594064085008
0.8752671428571429,1.284884091615677,0.5138169791868755,1.4847254990096737,1.2926964526914464
0.8774942857142857,1.288300074509212,0.5167823070287703,1.4788775466555164,1.300974662004236
0.8797214285714285,1.2915238225460055,0.5196502952064787,1.4738300419994876,1.3099162160352142
0.8819485714285714,1.2947350782666887,0.5225133313621791,1.4691685424546903,1.319157051621514
0.8841757142857143,1.2979126641750334,0.525456696816853,1.464451162423871,1.3282633457356903
0.8864028571428572,1.301130154269082,0.5284003566844121,1.45924488459143,1.3367558969723286
0.88863,1.3043583218370163,0.531330839565822,1.4531607944635097,1.3441413246124632
0.8908571428571429,1.307640698977879,0.5342991833175931,1.4458852898597225,1.3499482330788426
0.8930842857142857,1.3108972146511078,0.5372071287631988,1.4372046380910017,1.3537657538108996
0.8953114285714285,1.3141633351870947,0.5401863749878745,1.4270208153829047,1.3552812690637766
0.8975385714285714,1.3174072635854992,0.5432086992774691,1.4153573280577518,1.354313746206305
0.8997657142857143,1.3206222670418875,0.5463302432639259,1.4023546144421957,1.350839065652372
0.9019928571428572,1.3236817487648553,0.5494664734601974,1.388255567370992,1.3450040826731973
0.90422,1.3267134905542644,0.5525921472992215,1.3733825975915972,1.3371269448984173
0.9064471428571429,1.3296637000697,0.5556221249273844,1.3581083871749382,1.3276823491138934
0.9086742857142858,1.3326490463529315,0.5585265342337744,1.3428229954501616,1.3172718526292297
0.9109014285714285,1.3357438057831352,0.5614192168542316,1.3279002484400206,1.3065808976463404
0.9131285714285714,1.338777096101216,0.5642573091813496,1.3136663650970237,1.2963256850999436
0.9153557142857143,1.3417383476495743,0.5671236243418286,1.3003735630945552,1.2871942817632347
0.9175828571428571,1.3445634324891227,0.5700291868788857,1.2881809592291298,1.2797872251230358
0.91981,1.347251076902662,0.5729981458187102,1.2771444517527404,1.2745633040385895
0.9220371428571429,1.3501071345465523,0.575996333854539,1.2672164731581987,1.2717960718467467
0.9242642857142858,1.3528944250515527,0.5788035850865502,1.258255585780025,1.2715459560781226
0.9264914285714285,1.3557490836552208,0.5814636424098694,1.250044940979125,1.2736515672223363
0.9287185714285714,1.3584317266941068,0.5840386576141628,1.2423177355370396,1.2777420352448943
0.9309457142857143,1.3611360427992685,0.5866299087830953,1.23478707583305,1.2832700499240288
0.9331728571428571,1.3638090049539293,0.5893148032767431,1.2271771848450228,1.289562968675958
0.9354,1.3665298857007708,0.5921840597050532,1.2192527182056077,1.2958871744606073
0.9376271428571429,1.3692708611147744,0.5951388694388526,1.2108431261184094,1.3015191368533956
0.9398542857142858,1.372025631564004,0.5981989058256147,1.2018595111221184,1.3058156379117083
0.9420814285714286,1.3748430026258742,0.6013221293687819,1.1923022544575899,1.3082755590362911
0.9443085714285714,1.3775811815261836,0.6044381799868173,1.1822587392919182,1.3085865286616043
0.9465357142857143,1.3802294382027218,0.6074206548077719,1.1718916656219276,1.3066514872222748
0.9487628571428571,1.3828302114350453,0.6103499016250883,1.1614195743716007,1.3025925819898594
0.95099,1.3853241837705885,0.613135206767491,1.1510921133898016,1.296732420540908
0.9532171428571429,1.3878189525604248,0.6158997175523213,1.1411631457136169,1.2895552293589096
0.9554442857142857,1.3902889510222844,0.6186622769492013,1.131864934719262,1.281652571346937
0.9576714285714286,1.3927253093038285,0.6214787284817013,1.1233863292226445,1.273659753724859
0.9598985714285714,1.3951626245294297,0.6243317813021793,1.1158571776241897,1.2661897973114236
0.9621257142857143,1.3975356833594184,0.6271318219218934,1.1093402489338484,1.2597718313835156
0.9643528571428571,1.4000485960756028,0.6299814406633377,1.1038308912535872,1.2548000910620027
0.96658,1.4025922906739372,0.6327547885179519,1.0992636817234231,1.251498438337863
0.9688071428571429,1.4052760555062973,0.6356058977331435,1.0955245572294803,1.2499036413959588
0.9710342857142857,1.4078341315133234,0.6383179503338677,1.0924664518363354,1.2498686847935667
0.9732614285714286,1.4102744311945778,0.640931886128017,1.089926327777527,1.251085315425529
0.9754885714285715,1.412609063761575,0.6436330021279197,1.087741630895954,1.2531230411627552
0.9777157142857142,1.4149501430307116,0.6463372455324443,1.0857645457859806,1.2554800865269804
0.9799428571428571,1.417341231618609,0.6490727803536823,1.0838728784193516,1.257640566218406
0.98217,1.4197546530110494,0.6520092701741627,1.0819768812487132,1.2591315285441325
0.9843971428571429,1.4221695921080453,0.6550277991465159,1.0800218137871773,1.259573650776002
0.9866242857142857,1.4246880062307632,0.6581171289001192,1.077986478754033,1.258720245484763
0.9888514285714286,1.4271744918823244,0.6611048523528236,1.0758783732657955,1.25648075330882
0.9910785714285715,1.4296456461293356,0.6638906326464243,1.0737264191695126,1.2529268355268746
0.9933057142857142,1.432009735175541,0.6665840034655159,1.071572445019143,1.248281247731305
0.9955328571428571,1.434263574702399,0.6692182730776918,1.0694626384905652,1.2428915690758202
0.99776,1.4364229928425378,0.6719057045153208,1.0674400420799137,1.2371923271917218
0.9999871428571429,1.4385763487475258,0.6745170639412743,1.0655388341414367,1.2316599449015826
1.0022142857142857,1.4408052427428106,0.677115723490715,1.0637806796189704,1.2267652090069021
1.0044414285714285,1.4432528398036957,0.6798432286977768,1.0621729544922502,1.2229276992080556
1.0066685714285715,1.4457705247061592,0.6826303839172636,1.0607082714191884,1.2204759652382693
1.0088957142857142,1.4483474955899371,0.6854872989484241,1.0593645707811723,1.2196163781626725
1.0111228571428572,1.450857604639871,0.6883276883363726,1.0581051435768836,1.220412664608528
1.01335,1.4532155968461717,0.6911101519209994,1.056878291269838,1.222777265438853
1.015577142857143,1.455588668687003,0.6938748404809406,1.0556167964396594,1.2264748826447778
1.0178042857142857,1.4578673793588366,0.6965795950719287,1.0542378253161515,1.2311378735935212
1.0200314285714285,1.460154223646436,0.6992948252984454,1.0526441593868725,1.2362924746772401
1.0222585714285715,1.462360884972981,0.7019158931970596,1.0507276553037779,1.2413941458997337
1.0244857142857142,1.4645469651903422,0.7045039399181091,1.0483755318680676,1.2458696168615302
1.0267128571428572,1.4667713049139297,0.7071469306775501,1.0454795321395032,1.2491625263094808
1.02894,1.4690928485734118,0.7099115217242921,1.0419473270254376,1.2507789760573536
1.031167142857143,1.4714225168568746,0.7127331259420939,1.0377148726297516,1.2503289936553517
1.0333942857142857,1.4738101066861833,0.7155933155502591,1.0327579681280403,1.2475599464087828
1.0356214285714285,1.4762547143868032,0.7185742254768096,1.0271011083992205,1.2423784632347705
1.0378485714285715,1.4786175311633518,0.7214341674702508,1.0208219423278007,1.234858415799793
1.0400757142857142,1.4809431271212443,0.7242341057062146,1.0140502063850143,1.2252339058318715
1.0423028571428572,1.4831149727957589,0.7268839788607188,1.0069607991920408,1.2138778298055186
1.04453,1.485281312704086,0.7295409471818377,0.9997615401585906,1.2012682131278285
1.046757142857143,1.4874885044779096,0.732197125894683,0.9926769444725551,1.1879458781980636
1.0489842857142857,1.489668314286641,0.7348093865598949,0.9859299037958722,1.174467926202893
1.0512114285714285,1.4918127034051074,0.7372712715864179,0.9797233978239854,1.16136184020375
1.0534385714285714,1.4939367582116805,0.7397330731323786,0.9742242550142117,1.1490847247969154
1.0556657142857142,1.4959943669864106,0.7421473746129444,0.9695505749218749,1.1379913547846126
1.0578928571428572,1.498107384783881,0.7446442378418785,0.9657638142465068,1.1283134680875266
1.06012,1.5002912491389682,0.7471944381339207,0.9628658487209921,1.1201513193817711
1.062347142857143,1.5025074150562285,0.749818950176239,0.9608006840787611,1.1134771380490804
1.0645742857142857,1.504848620755332,0.7526324994393756,0.959460011774078,1.1081490021709173
1.0668014285714287,1.5070256469249725,0.7551853590863093,0.9586915549877426,1.1039328722610384
1.0690285714285714,1.5092026730946129,0.7577382187332423,0.9583091359062795,1.1005301537050467
1.0712557142857142,1.5112711083207808,0.7600617223978041,0.9581035692795022,1.0976081185769735
1.0734828571428572,1.513454265526363,0.762436101078987,0.9578537663725744,1.0948307055467525
1.07571,1.515669771160398,0.7648450243473052,0.9573377243845926,1.0918875136208328
1.077937142857143,1.517898906299046,0.7673133265801839,0.9563432994260863,1.0885191261351261
1.0801642857142857,1.5199568390846252,0.7697044591392787,0.954678763107434,1.0845372106927242
1.0823914285714287,1.5218925939287458,0.7719951493569782,0.952183101795444,1.0798381491595153
1.0846185714285714,1.5238329573699405,0.7742986950022834,0.9487358446223273,1.0744092965930978
1.0868457142857142,1.5259141714913504,0.7767658090761728,0.94426594623175,1.0683273903913177
1.0890728571428572,1.5281249116148266,0.7793102584566387,0.9387589779493458,1.0617491563661783
1.0913,1.53033845935549,0.7818531168358664,0.9322616872435069,1.05489478038853
1.093527142857143,1.532448888676507,0.784186011518751,0.9248829518712917,1.0480255847242697
1.0957542857142857,1.534506576946803,0.786370528919356,0.9167903289619856,1.0414178793247624
1.0979814285714287,1.5365369026660918,0.788555519938469,0.9082017767175992,1.035335439813445
1.1002085714285714,1.538557409627097,0.7907794834715981,0.8993726543074856,1.0300032938158843
1.1024357142857142,1.540541292769568,0.7930449490036282,0.8905786978364034,1.025585414606118
1.1046628571428572,1.5425548463548933,0.795371257662773,0.8820962300886832,1.022168524414548
1.10689,1.54457569364139,0.7977046644857949,0.8741813000190237,1.0197535542968894
1.109117142857143,1.5465515754563468,0.7999731634174074,0.8670496945181482,1.0182554846835208
1.1113442857142857,1.5484258036954064,0.8021728055136542,0.8608597740877282,1.0175114041511784
1.1135714285714287,1.5502687692642212,0.8043459504842758,0.855699838693742,1.0172957719328142
1.1157985714285714,1.5520076139654433,0.8065855004787446,0.8515812478608679,1.0173411385184652
1.1180257142857142,1.5537804552486962,0.808851179378373,0.848437858109324,1.0173620420477862
1.1202528571428572,1.5556986953530993,0.8112048322132657,0.8461315992721486,1.0170795156186865
1.12248,1.5577421103886193,0.8135294271366935,0.8444633142105831,1.0162436511906934
1.124707142857143,1.5597983620847977,0.8158317634037562,0.8431874589615195,1.014651977942716
1.1269342857142857,1.561764138426099,0.818138686401503,0.8420289930706422,1.012161996217343
1.1291614285714286,1.5636173319475992,0.8203837265116827,0.8407008116107588,1.008696991043793
1.1313885714285714,1.5654647280829292,0.82269259590762,0.838920340368464,1.0042451259822383
1.1336157142857144,1.567282101937703,0.8249363089288986,0.8364243394958478,0.9988526634951297
1.1358428571428572,1.5691024953978403,0.8271165291752133,0.8329814223830592,0.9926128474858978
1.13807,1.5709359635966165,0.8292672711781091,0.8284021909739496,0.9856524141838753
1.140297142857143,1.572772679737636,0.8314212039027896,0.8225471458917639,0.9781178070050617
1.1425242857142857,1.5746560389995576,0.8336006133386066,0.8153326214266655,0.9701629499015391
1.1447514285714286,1.5764167165075027,0.8356657067877905,0.8067349318541245,0.9619399276565936
1.1469785714285714,1.5781475017751965,0.8377281462294714,0.7967927362458702,0.9535932239793078
1.1492057142857144,1.5798398005621774,0.8397244860955645,0.7856073940226861,0.945257405520303
1.1514328571428571,1.5815302000386375,0.8418667798042296,0.7733408661012159,0.9370574518119862
1.15366,1.583302730083465,0.8440908343962258,0.7602105934490698,0.9291104470312762
1.155887142857143,1.585062324626105,0.8462996445553644,0.7464808226756511,0.9215271623984058
1.1581142857142857,1.5868074090140207,0.8484068459272385,0.7324500850921755,0.9144122016531114
1.1603414285714286,1.588497505767005,0.8504474258933747,0.7184349651896567,0.9078618199199362
1.1625685714285714,1.5901876025199886,0.8524880058595111,0.7047508593745333,0.9019591595865114
1.1647957142857144,1.5918140249592916,0.8545247906276158,0.6916910248987821,0.8967673391888465
1.1670228571428571,1.5933085189546856,0.8564921799557548,0.679505727160884,0.8923214408134357
1.16925,1.594769320317677,0.8584327978747228,0.6683835893575605,0.8886208493724612
1.1714771428571429,1.5961618817874363,0.8603676129238946,0.6584372417798889,0.8856235269580195
1.1737042857142856,1.5975453781059812,0.8623275376898901,0.6496950225367751,0.8832436330413603
1.1759314285714286,1.5988458031245638,0.864191091145788,0.6420998258486386,0.8813534553327245
1.1781585714285714,1.6002426764965054,0.8661078506367547,0.6355153200693721,0.8797899722471068
1.1803857142857144,1.6015426482473099,0.8679582199880054,0.6297388054939622,0.8783656360643389
1.1826128571428571,1.6030184624876291,0.8700143998009818,0.6245191155103035,0.8768822727281007
1.18484,1.6044728231430054,0.8720032831771031,0.6195773394005447,0.8751464618486638
1.1870671428571429,1.6060614678178513,0.874166725073542,0.6146278761311298,0.8729844836442243
1.1892942857142856,1.607580656119755,0.8761818028347832,0.6093974642499729,0.8702549469804343
1.1915214285714286,1.6090324802058085,0.8781815414769307,0.6036403431870887,0.8668575376517993
1.1937485714285714,1.6104444144112724,0.8801550169161388,0.5971484821608382,0.8627368895505478
1.1959757142857144,1.6117069666385653,0.8820292553901672,0.5897567098401574,0.857881285833049
1.1982028571428571,1.612968615055084,0.8839665186916077,0.5813434189495643,0.8523166266464337
1.20043,1.614241160290582,0.8858419837100165,0.5718281524986105,0.8460967412786983
1.2026571428571429,1.6154366159439086,0.8877165536369596,0.5611676988433782,0.839291583410436
1.2048842857142856,1.6166521359511776,0.8895648666449953,0.5493522931885174,0.8319750687551722
1.2071114285714286,1.617848397050585,0.8914153065170559,0.5364031711177677,0.8242142727920948
1.2093385714285714,1.6189826612131937,0.8932400008610317,0.5223721275352031,0.816061418170941
1.2115657142857144,1.6200632621220181,0.8949320147548404,0.5073430211503763,0.8075495965906314
1.2137928571428571,1.621121848140444,0.8966125849315097,0.4914344668011725,0.7986925668669768
1.21602,1.6222596567017693,0.8983702463592801,0.4748024093280485,0.7894883474012152
1.2182471428571429,1.6233855281216756,0.9002112778254918,0.4576409841770428,0.7799257806333662
1.2204742857142856,1.6245685853958123,0.9021409780808854,0.4401801086510874,0.7699928776505309
1.2227014285714286,1.6256540682997023,0.9039905386652265,0.42267862086632496,0.759685603612614
1.2249285714285714,1.6265728388513838,0.9056681160415921,0.40541243249400183,0.7490158368933479
1.2271557142857143,1.627293945959636,0.9071233076878956,0.3886579738142752,0.7380174747484535
1.229382857142857,1.6279992561340333,0.9085457999535969,0.3726720471474567,0.7267499876590051
1.23161,1.628818898984364,0.9100754868473325,0.3576699371756934,0.7152990723122464
1.2338371428571429,1.6297651818820411,0.9118449752160481,0.34380415580311213,0.7037743792480745
1.2360642857142856,1.6307704491274693,0.9136939110926217,0.33114646158295746,0.6923045843463134
1.2382914285714286,1.6317292751584735,0.9155287631750106,0.31967574673624066,0.6810303276554411
1.2405185714285714,1.6322662939003532,0.9168971941981996,0.3092739939210264,0.6700957330748014
1.2427457142857143,1.632643780912672,0.9180684151138578,0.29973175105625866,0.6596393011478504
1.244972857142857,1.6329059795992715,0.9191630965130669,0.2907634820932377,0.649784894777547
1.2472,1.6333131422315326,0.9204326484033041,0.2820318318951191,0.6406333220507766
1.2494271428571428,1.63404774246897,0.9220574110235485,0.2731784935511642,0.6322547387022239
1.2516542857142856,1.6348810125759672,0.9237157766989296,0.2638582451681323,0.6246818704274717
1.2538814285714286,1.635750090428761,0.9253730635302407,0.2537720780317958,0.6179040086873167
1.2561085714285714,1.6364953772681101,0.9269141200780867,0.24269532710680083,0.6118619083579613
1.2583357142857143,1.6371341383457183,0.9283322250843048,0.23049735612788322,0.6064440551583627
1.260562857142857,1.6376747854096547,0.9296127830062593,0.21715051832034524,0.6014851336219204
1.26279,1.6381584951196397,0.9307559873376573,0.20272758390415874,0.5967677408666858
1.2650171428571428,1.638493243081229,0.9318332826239722,0.18738833313447983,0.5920283232703434
1.2672442857142858,1.6388273617540088,0.9330152594361987,0.17135731952080402,0.5869679171554387
1.2694714285714286,1.6390794600759233,0.9342522341012954,0.15489574194525604,0.5812676126805868
1.2716985714285713,1.6393685810565952,0.9355953982727866,0.138270845439119,0.5746078817287983
1.2739257142857143,1.6397818098068235,0.9369879517044338,0.12172630188808424,0.5666902043693446
1.276152857142857,1.6402278344631196,0.9384269628013884,0.10545666991635151,0.5572589639882176
1.27838,1.6406374417032517,0.9399349424328122,0.08958839531360001,0.5461214601498134
1.2806071428571428,1.6406327852181026,0.9411331083093369,0.07416899138499429,0.5331641201029647
1.2828342857142858,1.6406265070778985,0.9423046428305762,0.059165124276535544,0.5183634970509392
1.2850614285714286,1.6406682322706498,0.9433730942351477,0.04446940519009305,0.5017912926273184
1.2872885714285713,1.6408275515011377,0.9443828789336339,0.029914843513020182,0.48361328847750723
1.2895157142857143,1.6410967138494763,0.9454513267278672,0.015295227682484641,0.46408260448024713
1.291742857142857,1.6413307782581874,0.9465081355401447,0.0003892461659782334,0.44352806111503107
1.29397,1.6414101620742254,0.947521784033094,-0.015014024855903611,0.4223386094316757
1.2961971428571428,1.6413158022335597,0.9483970365694588,-0.031090572360995362,0.4009448431872538
1.2984242857142858,1.641165934732982,0.9492749203784125,-0.04795987840435769,0.3797985812829421
1.3006514285714286,1.6409934561593194,0.9501420409509115,-0.06566799786138644,0.35935146046452043
1.3028785714285713,1.6408028195585522,0.9509989749533788,-0.08417652451795736,0.3400334494397441
1.3051057142857143,1.6405117763110566,0.9516579397916792,-0.1033582626797224,0.32223220463857705
1.307332857142857,1.640306847470147,0.952383637377194,-0.12300000303414435,0.30627422698918794
1.30956,1.6400527827399116,0.9530991200208663,-0.14281238039351238,0.2924088157408683
1.3117871428571428,1.6397575568812237,0.9537794171060835,-0.16244635508511504,0.28079580117461034
1.3140142857142858,1.6393966119629992,0.9543285018205642,-0.1815154082689038,0.2714979245488555
1.3162414285714286,1.6390158637251173,0.9548284766674041,-0.19962209097081393,0.2644784905233628
1.3184685714285713,1.6385962292807446,0.9553261363336017,-0.21638715037376133,0.2596045473318507
1.3206957142857143,1.6380460805552346,0.9558538961410522,-0.23147911946243466,0.25665539511854846
1.322922857142857,1.6374383774484904,0.9563843738521849,-0.24464204598454137,0.25533575820141285
1.32515,1.636869169473648,0.9570850232669285,-0.2557189983022993,0.25529257188307425
1.3273771428571428,1.6363759742464339,0.9578150984389441,-0.26466915164646515,0.2561341050191533
1.3296042857142858,1.6359359903676167,0.9585864176068988,-0.27157664326033654,0.2574501023335421
1.3318314285714286,1.6352514511517118,0.9591390669856752,-0.2766499822643459,0.25883176738390495
1.3340585714285715,1.6343901415893012,0.9595480968100686,-0.28021157893061743,0.2598906512044098
1.3362857142857143,1.6336219923836843,0.9600485363176892,-0.28267785876228785,0.260275773198685
1.338512857142857,1.6329899799142564,0.9605970779657362,-0.2845313567320699,0.2596885023892159
1.34074,1.632593661240169,0.9612472983258111,-0.28628702581683674,0.25789483091225884
1.3429671428571428,1.632171415567398,0.9618690110785623,-0.2884556147100457,0.2547346869690061
1.3451942857142858,1.631660342216492,0.9624402794327055,-0.2915072726533874,0.250127905431223
1.3474214285714285,1.6310592874458858,0.9629539617470334,-0.2958384828861889,0.24407645886070148
1.3496485714285715,1.6304478670528957,0.9634547197307859,-0.30174503791824775,0.23666260299112077
1.3518757142857143,1.6296941269125258,0.963979695388249,-0.3094031334830203,0.2280427460003278
1.354102857142857,1.628815328325544,0.9645228071383066,-0.3188598821279118,0.21843712582655167
1.35633,1.6279358700002942,0.9650425616162163,-0.3300337306015563,0.20811576386948977
1.3585571428571428,1.6272471833229065,0.9656892010995319,-0.34272447410180606,0.19738161508099272
1.3607842857142858,1.6267482776982445,0.9663317527600698,-0.3566318290305343,0.18655227862112278
1.3630114285714285,1.6261332799366544,0.966706895845277,-0.37138087507305956,0.17594196756716063
1.3652385714285715,1.6254441211904798,0.9670025613478253,-0.386552141187689,0.16584555075204205
1.3674657142857143,1.6244055987085615,0.967067315186773,-0.4017137486826578,0.15652629015297229
1.369692857142857,1.6233370387554173,0.9672901356220245,-0.4164529114720394,0.14820838060138997
1.37192,1.6222840638841898,0.9675744612727846,-0.4304042810392476,0.14107461763289803
1.3741471428571428,1.621232168708529,0.967912191765649,-0.44327310668723674,0.1352686185346625
1.3763742857142858,1.6202074110167366,0.9683044398682458,-0.45485188345853417,0.13090019377022402
1.3786014285714285,1.6191804006099701,0.9686302501814705,-0.4650299472645025,0.12805190025530452
1.3808285714285715,1.6182509565353393,0.9690105003118514,-0.47379619753047225,0.12678464016827293
1.3830557142857143,1.6173778111253465,0.9693946711506163,-0.4812356563616224,0.12714044864944982
1.385282857142857,1.6164296901566644,0.9698015000990459,-0.4875208450673133,0.12914129517103212
1.38751,1.615388659306935,0.970169695683888,-0.492898985071599,0.13278367754742734
1.3897371428571428,1.6141981130327496,0.970461976477078,-0.497675889524757,0.13802982911270323
1.3919642857142858,1.6129702883107322,0.970717898436955,-0.5021972209864006,0.14479728292060168
1.3941914285714285,1.6117185451643807,0.9709366719211852,-0.5068276631011455,0.1529491561723687
1.3964185714285715,1.610561675582613,0.9711928600924356,-0.5119285638759004,0.16228770436731765
1.3986457142857143,1.609405877658299,0.9714500389269421,-0.5178347691603692,0.1725534006601933
1.4008728571428573,1.6083789936814992,0.9718703019618988,-0.5248316358304583,0.18343106340551155
1.4031,1.6071570822170804,0.9722144575629914,-0.5331335193267108,0.19456350336094147
1.4053271428571428,1.6059120588643212,0.9725381698267798,-0.5428652853654671,0.20557196418746831
1.4075542857142858,1.6046252155303955,0.9729339722394943,-0.5540485265661769,0.2160814819775431
1.4097814285714285,1.6033864011423928,0.9735005313498634,-0.5665941154960572,0.2257483823276442
1.4120085714285715,1.6021883609635492,0.9741193505866187,-0.580302461488756,0.23428662481869741
1.4142357142857143,1.6009611237049104,0.9747370421034949,-0.5948723496655629,0.24148969345494856
1.4164628571428572,1.5996305843080791,0.9754160851921355,-0.6099185477022032,0.2472452355491312
1.41869,1.5983089212349484,0.9760551975114004,-0.6249975246746817,0.25154059813433494
1.4209171428571428,1.5969875776427132,0.9766947720221112,-0.6396397250007961,0.25445864636609666
1.4231442857142858,1.5956620241914476,0.977273425919669,-0.6533859903184297,0.25616456557474143
1.4253714285714285,1.5941400841304234,0.9776965901681356,-0.6658250426926692,0.2568855279698809
1.4275985714285715,1.592616693394525,0.97812096793311,-0.6766285443312438,0.2568859573367922
1.4298257142857143,1.5910773628098624,0.9785734738111495,-0.6855802150809626,0.2564415282191354
1.4320528571428572,1.5894850740092141,0.9791156388010297,-0.6925958585749108,0.2558149557694014
1.43428,1.587928374017988,0.9797305351836341,-0.6977319064005099,0.2552361217522041
1.4365071428571428,1.5863358417579112,0.9802913871833256,-0.7011811687021097,0.25488826043115553
1.4387342857142857,1.584869035925184,0.9809328918286732,-0.7032557666464743,0.25490094817020875
1.4409614285714285,1.583281647443771,0.9814619986840656,-0.7043585756967911,0.2553496575712207
1.4431885714285715,1.5816793016706197,0.9820126713514327,-0.7049457753157908,0.25626078636379296
1.4454157142857142,1.5800517279420576,0.9825795725924628,-0.7054841317090099,0.2576204577748118
1.4476428571428572,1.578461812223707,0.9831986142056329,-0.7064073064079084,0.2593850808897421
1.44987,1.576966447387423,0.9838467393772942,-0.7080756899778233,0.2614916834100931
1.4520971428571428,1.5754533000673567,0.984498926792826,-0.7107439601332324,0.2638663663558438
1.4543242857142857,1.5740368787561145,0.9852199220657348,-0.7145397702328212,0.266429815058579
1.4565514285714285,1.5725803949492323,0.9858942139319009,-0.7194557668870981,0.26909952682627236
1.4587785714285715,1.5711437325818198,0.9865089448860714,-0.7253556561615251,0.27178915043205726
1.4610057142857142,1.5695764985765728,0.987058367065021,-0.7319934749049927,0.2744059400526364
1.4632328571428572,1.5678660243919922,0.9874941833870753,-0.7390437835305567,0.2768476939520763
1.46546,1.5659934359277996,0.9879073458909987,-0.7461393671707143,0.27900061327784054
1.467687142857143,1.5641118471622468,0.9883935478074208,-0.752912346146247,0.28073928329541475
1.4699142857142857,1.56244430746351,0.9891472980805806,-0.7590344056554277,0.28192952031716495
1.4721414285714285,1.5608714394228798,0.9898974396671566,-0.7642521261018633,0.2824342607012041
1.4743685714285715,1.5593733377456664,0.990660002521106,-0.7684140361844279,0.28212212032532363
1.4765957142857142,1.5577066078186037,0.9912864087990351,-0.771486904720426,0.28087782100525926
1.4788228571428572,1.555955240113395,0.9918841309036528,-0.7735598294169017,0.27861341062418915
1.48105,1.554149852991104,0.9924654717956273,-0.7748357921633428,0.27527909420026797
1.483277142857143,1.5523876339367457,0.9930779775381087,-0.7756114699079343,0.2708725132248015
1.4855042857142857,1.5506555909769877,0.9936933314289365,-0.7762471581935925,0.26544542412863037
1.4877314285714285,1.5488967263357982,0.9942596435035977,-0.7771296103571674,0.2591069063237367
1.4899585714285715,1.5471297006266458,0.9947472189324241,-0.7786313370104142,0.25202246143764256
1.4921857142857142,1.5453248047828674,0.9952082399811062,-0.7810703633878563,0.24440864371302637
1.4944128571428572,1.5435955919878825,0.9957951784985405,-0.7846745340074103,0.23652318747678638
1.49664,1.541885904448373,0.9963669809784209,-0.7895541386794714,0.22865096989283623
1.498867142857143,1.5402444273744307,0.9969396381548474,-0.7956859047997693,0.22108655538442035
1.5010942857142857,1.5385546439715792,0.997480118223599,-0.8029103025491625,0.21411448444610967
1.5033214285714285,1.5368818393775399,0.9980375771011625,-0.8109427427726112,0.20798884502725162
1.5055485714285715,1.5350393840244843,0.9985067899738038,-0.8193977634976988,0.20291393267206026
1.5077757142857142,1.5330845230306898,0.9988089825766427,-0.8278238842043931,0.1990278952067282
1.5100028571428572,1.5311675675937109,0.9991382388217106,-0.835745643400293,0.19639111378252158
1.51223,1.5292938611507416,0.9995055538756505,-0.8427085790064486,0.19498067619379209
1.514457142857143,1.5273862559454783,0.9999172541924884,-0.8483226553410099,0.19469168323034056
1.5166842857142857,1.525408956016813,1.0003186117580958,-0.8522999010432508,0.19534537795819182
1.5189114285714285,1.5233401442255292,1.0006876227344785,-0.8544827392935439,0.19670331991803083
1.5211385714285715,1.5214319703578951,1.0012170336246489,-0.8548605441115361,0.19848616883783818
1.5233657142857142,1.5197123590196886,1.0018596099615098,-0.8535731855519023,0.20039520372844458
1.5255928571428572,1.5180992206505368,1.0025062785829815,-0.8509015657913208,0.20213454773220416
1.52782,1.5163799706186565,1.00308805508273,-0.8472462565433969,0.20343220168652
1.530047142857143,1.5144243936198098,1.0034713710376195,-0.8430962376535944,0.20405835219369098
1.5322742857142857,1.5124424189158847,1.0038359262091772,-0.8389903794257828,0.20383990770395288
1.5345014285714285,1.510520318474089,1.004214164631707,-0.8354747243624875,0.20267070794152467
1.5367285714285714,1.5087485473496574,1.0046417613540377,-0.8330588397835345,0.2005172489926632
1.5389557142857142,1.5069851896762851,1.0051018709114616,-0.8321745530134177,0.1974200177504072
1.5411828571428572,1.5051882452283591,1.0055429459469658,-0.833140248184269,0.19349063836422564
1.54341,1.5031857183831079,1.0058998938288009,-0.8361335887351634,0.1889050446785002
1.545637142857143,1.5012526500225067,1.0062970485516958,-0.8411750228025321,0.18389287225557277
1.5478642857142857,1.49932429764952,1.0066711510930744,-0.8481237282110632,0.1787232790337473
1.5500914285714287,1.4975409555435182,1.0071494997739792,-0.8566867698047546,0.17368750938725497
1.5523185714285714,1.4957171922070636,1.0076134925569806,-0.8664412018184225,0.16907874222390842
1.5545457142857142,1.493881474563054,1.008023300562586,-0.8768677067409205,0.1651701061045844
1.5567728571428572,1.491935400724411,1.0084376435620446,-0.8873932117045545,0.16219216129338251
1.559,1.4899939162390574,1.008835593717439,-0.8974388931259163,0.1603115632400283
1.561227142857143,1.488016088792256,1.0093109364509583,-0.9064692215113986,0.1596129346833904
1.5634542857142857,1.4860003546987262,1.0096827478238515,-0.9140373563948262,0.16008608119920942
1.5656814285714287,1.4838142082691193,1.0099309901509965,-0.9198223820464868,0.16162050307550513
1.5679085714285714,1.48162157358442,1.0101321972608568,-0.9236546138256557,0.1640086414057337
1.5701357142857142,1.4794163130010884,1.0103652450868064,-0.9255264499706772,0.16695846495938602
1.5723628571428572,1.4772790177890234,1.0106669727223259,-0.9255878506256618,0.1701149433183212
1.57459,1.475211359671184,1.0110646358387811,-0.9241272788650515,0.17308881039211993
1.576817142857143,1.4732293525423323,1.011526718361037,-0.9215405854631993,0.17548998653826786
1.5790442857142857,1.4712815702642712,1.011987145968846,-0.918291620086078,0.17696227912507737
1.5812714285714287,1.4693118126051767,1.0124836161306925,-0.9148691247016422,0.1772156575947579
1.5834985714285714,1.4673767285006387,1.0129098716122764,-0.9117446195884186,0.1760525632916722
1.5857257142857142,1.4653831190381736,1.0133029710394996,-0.909335539723109,0.1733853472139289
1.5879528571428572,1.4634515830789294,1.013754599605288,-0.9079769222562357,0.16924293841029225
1.59018,1.4614897186415539,1.0142740598576407,-0.9079036523432535,0.1637660887598021
1.592407142857143,1.4595084403242384,1.0147272763933455,-0.909243846001744,0.15719184642450276
1.5946342857142857,1.4574510701043266,1.015004281265395,-0.9120225876464918,0.14982910675945185
1.5968614285714287,1.4553326998778753,1.0151029863868442,-0.9161741233093599,0.14202802093298567
1.5990885714285714,1.4532477840014868,1.0153435321024487,-0.9215598670155764,0.13414659587880956
1.6013157142857142,1.4511392787865232,1.01564562860557,-0.9279892727369221,0.12651794365431585
1.6035428571428572,1.449079202924456,1.0160869834252766,-0.9352407539581349,0.11942135337216714
1.60577,1.4469321837084637,1.0163551000016076,-0.9430803296079256,0.1130597440297551
1.607997142857143,1.4447513981546678,1.0165705176251274,-0.9512764229865025,0.10754522643895206
1.6102242857142857,1.442558217763901,1.016715275628226,-0.9596100965042922,0.1028935805700445
1.6124514285714286,1.440476191520691,1.016908222419875,-0.967880823428873,0.09902755506870924
1.6146785714285714,1.4384678389344896,1.0171697012015752,-0.9759085526030267,0.0957881138238138
1.6169057142857144,1.4363956403051108,1.0174365961040768,-0.9835332286032087,0.0929521610560414
1.6191328571428572,1.4342241512366702,1.017748458640916,-0.9906130583868649,0.09025491107045731
1.62136,1.4319713764190678,1.0180123169933046,-0.9970226927275017,0.08741493339340253
1.623587142857143,1.4297530643939973,1.0182655765839985,-1.0026521862367115,0.08415996122321036
1.6258142857142857,1.4275200084277562,1.0184165170363018,-1.007407203130192,0.08025173337257763
1.6280414285714286,1.4253399505955835,1.0185365228482657,-1.0112105340390682,0.07550836832694081
1.6302685714285714,1.42313940007346,1.0186431835889818,-1.0140046518970405,0.0698229778508498
1.6324957142857144,1.4208098964350562,1.0186380665983472,-1.0157548095255513,0.06317738526662052
1.6347228571428571,1.4184764944485255,1.0187176909957614,-1.0164520913538249,0.055649933808407326
1.63695,1.4161141703810016,1.0188168590409414,-1.0161158741406084,0.04741650801568989
1.6391771428571429,1.413846541268485,1.0189655295951026,-1.014795296080249,0.03874412256121098
1.6414042857142856,1.4116418560913633,1.0192154451778956,-1.0125695252861684,0.029976827382928815
1.6436314285714286,1.4094716613633291,1.0194466259309223,-1.0095467911404667,0.021514266165970766
1.6458585714285714,1.407300151722772,1.019634875178337,-1.005862239368875,0.013783976554884494
1.6480857142857144,1.4051766307013374,1.0197091638190405,-1.001674669741685,0.007209337995607015
1.6503128571428571,1.4030250261511124,1.0197084952422553,-0.9971621333673887,0.0021758100216607078
1.65254,1.4007904624257772,1.0195976863418308,-0.9925162630543115,-0.0010014011732512927
1.6547671428571429,1.3984095449107035,1.0195308924402509,-0.9879351624221412,-0.002104989379500594
1.6569942857142856,1.3960303268432621,1.0194697783504214,-0.9836147542192506,-0.0010355702359745658
1.6592214285714286,1.3937391882283345,1.019482342345374,-0.9797387139585204,0.0021781158731230673
1.6614485714285714,1.3915493611608234,1.0193970633063998,-0.9764674644937954,0.007379946364428909
1.6636757142857144,1.3893867717129844,1.0193092352322168,-0.9739271002214616,0.014297999121252779
1.6659028571428571,1.3872470775331769,1.0192650505644936,-0.9721994347490146,0.022565662918325576
1.66813,1.3851828470570704,1.0194797738279617,-0.9713145154605018,0.03174996400583248
1.6703571428571429,1.3831408960478646,1.0198281215769904,-0.9712468532372445,0.04138414885098379
1.6725842857142856,1.3810863965238844,1.0201588391406193,-0.9719162668705768,0.05100133931499968
1.6748114285714286,1.3788986154283798,1.0202558527163095,-0.9731936939413685,0.060166265729207496
1.6770385714285714,1.3766152227606092,1.020164940578597,-0.9749116755119436,0.06850259361219584
1.6792657142857144,1.3743318300928389,1.0200740284408842,-0.9768786027411362,0.07571405035204855
1.6814928571428571,1.3720694264343807,1.0200725419180734,-0.9788953281344137,0.08159828685113178
1.68372,1.3698943455559867,1.020362760084016,-0.9807724616794372,0.08605307571671159
1.6859471428571429,1.3677192646775926,1.0206529782499587,-0.9823466115120575,0.08907501217126407
1.6881742857142856,1.3655542995589123,1.0209106876339231,-0.9834939662522174,0.09075135314812827
1.6904014285714286,1.3633865705558232,1.0210427825791493,-0.9841399045152159,0.09124602526566579
1.6926285714285714,1.361201218196324,1.0211697276149476,-0.9842637055926148,0.09078116183916535
1.6948557142857144,1.3590158658368245,1.021296672650746,-0.9838978821301363,0.08961577995620532
1.6970828571428571,1.3568416517121453,1.0215559248413357,-0.9831221311856438,0.0880233559663059
1.69931,1.3547004650320325,1.0218188562563488,-0.9820523835358367,0.08627007847643757
1.7015371428571429,1.3525592783519202,1.0220817876713615,-0.980825904295582,0.08459543960314954
1.7037642857142856,1.350235497100013,1.0221729508468083,-0.9795838379783919,0.083196567822569
1.7059914285714286,1.3478452916145325,1.022191589474678,-0.9784529632128234,0.08221732253278911
1.7082185714285714,1.3454621010848455,1.0222139491353717,-0.9775286739740708,0.08174269166222589
1.7104457142857143,1.3432950371333532,1.0224034861326217,-0.9768612666575043,0.08179851066258441
1.712672857142857,1.3413426170008524,1.0226950242349078,-0.976447415204231,0.08235602308411154
1.7149,1.33945389849799,1.0230454762492862,-0.9762282164785406,0.08334040115614144
1.7171271428571429,1.3374277607032232,1.023263012119702,-0.9760944018740106,0.0846420910265671
1.7193542857142856,1.3352197768347605,1.0234099653959274,-0.9758983339190548,0.08612975628378047
1.7215814285714286,1.3329071709428517,1.02351229427542,-0.9754714012318627,0.08766364181993291
1.7238085714285714,1.3306059764453344,1.023663604072162,-0.9746445813799802,0.08910832199916058
1.7260357142857143,1.3284245175974712,1.02389455309936,-0.9732694230413232,0.09034398539149029
1.728262857142857,1.3262499931880407,1.0241403395959308,-0.9712366020479004,0.09127561035067636
1.73049,1.3240839011669159,1.0243819217681884,-0.9684895405665743,0.09183958630421488
1.7327171428571428,1.3219029628889902,1.024611136010715,-0.9650312779867845,0.09200753042996784
1.7349442857142856,1.319736189058849,1.0248256447996411,-0.96092372662633,0.09178723562873198
1.7371714285714286,1.3175613846097676,1.025011333142008,-0.9562794908318952,0.09122085709564982
1.7393985714285713,1.315382494074958,1.0251124024731773,-0.9512474278302592,0.09038059316359043
1.7416257142857143,1.3132858928271705,1.025278621145657,-0.9459939496562766,0.08936223725422231
1.743852857142857,1.3111937502792903,1.025460519875799,-0.9406825999974077,0.0882770765517532
1.74608,1.309256502423968,1.0257836287532531,-0.9354546173243437,0.08724270205848136
1.7483071428571428,1.3073109720434464,1.026110970037324,-0.9304129947377124,0.08637338504417587
1.7505342857142858,1.3053296330996922,1.0264383135012218,-0.9256120036647774,0.08577076226304779
1.7527614285714286,1.3032451380661558,1.0266138990095681,-0.9210533552101227,0.08551562838719654
1.7549885714285713,1.3011100149154664,1.0266566182034356,-0.9166892619344756,0.08566161222574875
1.7572157142857143,1.2990884398392268,1.0267053510631834,-0.9124317776637667,0.08623136959654856
1.759442857142857,1.2971171416555134,1.0268026853459222,-0.9081670571309987,0.08721564618121351
1.76167,1.2950880823475974,1.0269694168737955,-0.903772672652053,0.08857518169729012
1.7638971428571428,1.293036731719971,1.0272080350773674,-0.8991358857770403,0.0902450198262986
1.7661242857142858,1.2909563883713313,1.0274385702099118,-0.8941707909715814,0.09214045461979299
1.7683514285714286,1.2889797423907692,1.027761295403753,-0.8888324891575984,0.09416366886175202
1.7705785714285713,1.2870116405827658,1.0280698472261427,-0.8831268557618704,0.09621014691163751
1.7728057142857143,1.2850998315811157,1.028365434391158,-0.8771149760799508,0.09817416228366448
1.775032857142857,1.2831874680859703,1.0285754062959127,-0.8709118663503875,0.09995298570098447
1.77726,1.281241503102439,1.028655685373715,-0.8646796277006631,0.10144983801276528
1.7794871428571428,1.2792966923373084,1.0286818428380147,-0.8586156527044876,0.102575926796245
1.7817142857142858,1.2773361001695906,1.0287798204592293,-0.8529368963006309,0.10325208436881225
1.7839414285714286,1.275457188844681,1.0290828554289682,-0.8478615210122065,0.10341054181477777
1.7861685714285713,1.2736097820145746,1.029407353758812,-0.8435894237495918,0.10299724819423058
1.7883957142857143,1.2717040623596738,1.0296588814258576,-0.8402832440318128,0.1019749264264207
1.790622857142857,1.2697636812755042,1.0298122270618166,-0.8380514395557318,0.10032680423423672
1.79285,1.267798010792051,1.0299231697831837,-0.8369348951893977,0.09806071566008864
1.7950771428571428,1.2659306326593671,1.0301129308257784,-0.8368983074513723,0.09521306646521076
1.7973042857142858,1.2641183363710131,1.0303375023433141,-0.8378272610575987,0.09185201683956393
1.7995314285714286,1.2622987185886927,1.0305569860083714,-0.839531493888643,0.08807917661628775
1.8017585714285713,1.2604880914347516,1.030797751699175,-0.8417543494834946,0.08402914791442599
1.8039857142857143,1.2585851611409868,1.0309806795631136,-0.8441878773517149,0.07986639417965012
1.806212857142857,1.256669689212527,1.031159354516438,-0.8464925147907735,0.07577915264385593
1.80844,1.2546635904312138,1.0313079672711236,-0.8483198334269171,0.07197041132497721
1.8106671428571428,1.2526793329375132,1.031403912135533,-0.8493365189837527,0.0686463020958616
1.8128942857142858,1.25076339667184,1.031520488517625,-0.8492476145238181,0.0660025763697399
1.8151214285714286,1.2489173196043288,1.031679287127086,-0.8478171090697226,0.06421009503491022
1.8173485714285715,1.2471211306708199,1.0318627931220192,-0.8448841825919476,0.06340045631491735
1.8195757142857143,1.2452197013923103,1.0320572358029232,-0.8403737952195065,0.06365299079637397
1.821802857142857,1.2433081010409763,1.0321992287806103,-0.8343007963821839,0.06498436295632717
1.82403,1.241381144353322,1.0322486610242299,-0.8267672891097868,0.06734192473458889
1.8262571428571428,1.2394904599870955,1.032333051902907,-0.817953572092933,0.0706017624275715
1.8284842857142858,1.2376204302992142,1.0324458223070416,-0.8081035451928785,0.0745720644591032
1.8307114285714285,1.235844947065626,1.0326525853531698,-0.7975059431225591,0.0790020294486597
1.8329385714285715,1.2340957480498724,1.0328246592623846,-0.7864730980835063,0.08359606273708577
1.8351657142857143,1.2324093700136456,1.032966854112489,-0.7753190809040631,0.08803251903787707
1.837392857142857,1.2307738414832528,1.0331807898623604,-0.7643390154168457,0.0919857881846975
1.83962,1.229114571911948,1.0333796315363473,-0.7537911215566097,0.09515013655242127
1.8418471428571428,1.2274245497499194,1.0336444745915276,-0.7438826708719604,0.09726344707859463
1.8440742857142858,1.2256455756596158,1.0337546622582845,-0.7347606056120888,0.09812887314567074
1.8463014285714285,1.2239029999119897,1.0338697201354163,-0.7265071509748678,0.09763245131789088
1.8485285714285715,1.2221969798633032,1.0339754727057047,-0.7191403906645206,0.09575491097501229
1.8507557142857143,1.2205353970868245,1.0341419716562543,-0.712619496068909,0.09257627582260759
1.852982857142857,1.2189889181682045,1.0344475106000897,-0.7068540826162087,0.0882723701163721
1.85521,1.2174677511283327,1.0347578554153445,-0.7017169760999088,0.08310300937802019
1.8574371428571428,1.216019488266536,1.0350289484603066,-0.6970594711516269,0.07739243838694254
1.8596642857142858,1.21449459365436,1.0351669842004776,-0.6927279404582112,0.07150341225796168
1.8618914285714285,1.2129673998696464,1.0353000887632369,-0.6885804282433455,0.06580709915747429
1.8641185714285715,1.2113996344634466,1.0354083750077656,-0.6845016884767056,0.06065159552991951
1.8663457142857143,1.209824345111847,1.0354998647315161,-0.6804150766382406,0.05633217276806564
1.868572857142857,1.2082970471041545,1.0355818858316967,-0.6762898357969664,0.053066338446077714
1.8708,1.206750249181475,1.0356056135892866,-0.6721426671390877,0.05097637005990942
1.8730271428571428,1.20524948825155,1.03565507042408,-0.6680330357208835,0.05008120025045003
1.8752542857142858,1.2037156521252226,1.0356821060691561,-0.6640523869385765,0.05029849085975619
1.8774814285714285,1.2021638954366958,1.035758116551808,-0.6603082562949122,0.051456561534962045
1.8797085714285715,1.200550216129848,1.0358153807265418,-0.6569050377372214,0.05331469221575197
1.8819357142857143,1.198988585301808,1.0359464578969138,-0.6539238129858012,0.05558935420558006
1.8841628571428573,1.197527673653194,1.0360887848820004,-0.6514040141240305,0.05798327694211694
1.88639,1.196241123846599,1.0363118522337504,-0.64932969211632,0.06021401984613713
1.8886171428571428,1.1949740302222118,1.0365641372033527,-0.6476227386112271,0.06203892390284617
1.8908442857142858,1.193647543804986,1.0367957223824094,-0.6461445726692426,0.06327393044383622
1.8930714285714285,1.1922512037413462,1.0370126762560437,-0.6447066575948975,0.06380467368312503
1.8952985714285715,1.1907995462077008,1.0371071900810516,-0.6430889298356895,0.0635893284214001
1.8975257142857143,1.1893978546687534,1.0372080136196953,-0.641064016662225,0.06265375375949991
1.8997528571428572,1.1878626297882628,1.0372290880680084,-0.6384242007229947,0.06108035981389724
1.90198,1.1863446942056928,1.0373260435887748,-0.6350076153928736,0.058992722940313776
1.9042071428571428,1.1848221879346033,1.0374579802581243,-0.6307202015841654,0.056538232259942915
1.9064342857142857,1.1834430731364658,1.037605079259191,-0.625550508602029,0.05387097417572365
1.9086614285714285,1.182067828416825,1.0377161671774728,-0.6195753790786271,0.051136708278640315
1.9108885714285715,1.1806990828514101,1.0377560268640518,-0.6129557614698369,0.04846124319738469
1.9131157142857143,1.1793497839314597,1.037779473917825,-0.605923156787065,0.045942882346021306
1.9153428571428572,1.1780105400085452,1.037811273251261,-0.5987583503342174,0.04364897521202437
1.91757,1.1767195952619824,1.0379137848956244,-0.5917649599799593,0.04161606977979169
1.9197971428571428,1.1754374286787852,1.038107987148421,-0.5852408560503018,0.039852789092686636
1.9220242857142857,1.1741747421877722,1.0383484281812394,-0.5794506354432492,0.03834439467857781
1.9242514285714285,1.1729049100875855,1.0385304374865123,-0.5746020767134855,0.03705805620076409
1.9264785714285715,1.1716208391530174,1.0385811344214848,-0.5708289192401865,0.035948079001499364
1.9287057142857142,1.1703584215300427,1.038538465006011,-0.568181485476924,0.03496066935233597
1.9309328571428572,1.1691338373252322,1.0385293335744312,-0.5666257078317455,0.034038143870269696
1.93316,1.1679196842738562,1.0385538294826235,-0.5660501468477581,0.03312272800767014
1.9353871428571428,1.1666977973324912,1.038644564509392,-0.5662797097944052,0.0321601867078726
1.9376142857142857,1.1654759103911263,1.03873529953616,-0.5670941023156325,0.03110348109978399
1.9398414285714285,1.1641297867979326,1.0387525025435855,-0.5682486520470557,0.029916481032638005
1.9420685714285715,1.162706509590149,1.0387775740112577,-0.5694950787088966,0.028577541901715877
1.9442957142857142,1.1612823182174137,1.0388043119566779,-0.5706000494348432,0.02708254255747204
1.9465228571428572,1.1598993656294687,1.038854820915631,-0.5713598966382015,0.025446843048371026
1.94875,1.1586902695042747,1.0389933500971114,-0.571610585637362,0.023705606921975812
1.950977142857143,1.157500472205026,1.039141525898661,-0.5712327685301706,0.02191206894397435
1.9532042857142857,1.156310674905777,1.0392897017002105,-0.5701524181535217,0.02013360756077219
1.9554314285714285,1.1550518911225458,1.0393331988028118,-0.5683380011724615,0.01844585660525355
1.9576585714285715,1.1537524133069177,1.0392835055759975,-0.5657953724634214,0.016925486032699454
1.9598857142857142,1.1524583074024746,1.039234898175512,-0.5625615566387239,0.015642607103690358
1.9621128571428572,1.1512386261054448,1.0392177573783055,-0.5586983706871089,0.014653933772175198
1.96434,1.150067304270608,1.039262080890792,-0.5542865031334078,0.013997809796672148
1.966567142857143,1.1488959824357714,1.0393064044032776,-0.5494202799253267,0.01369198141362901
1.9687942857142857,1.1477193336486817,1.0393528179611478,-0.5442029969740119,0.013734588313682829
1.9710214285714285,1.1464251686845512,1.0393083534921916,-0.5387424577085749,0.014108320889072662
1.9732485714285715,1.1451402017729624,1.0392698417901993,-0.5331462750328,0.01478712818599073
1.9754757142857142,1.1438464633737293,1.0392306321007865,-0.5275166003491553,0.015744348327852223
1.9777028571428572,1.1426297532490322,1.0393378756557194,-0.521944202841591,0.01696076390614893
1.97993,1.141512276002339,1.0395066201686858,-0.5165021711917015,0.01843094295519054
1.982157142857143,1.1403988657678876,1.0396693743126735,-0.5112398503752406,0.02016636983952217
1.9843842857142857,1.1393319282872336,1.0397649197919028,-0.5061778598214196,0.022194312512479823
1.9866114285714285,1.138299796513149,1.0398852840321404,-0.5013050949778232,0.024552066898574174
1.9888385714285715,1.1372424223423006,1.0400244190182004,-0.4965784683714121,0.02727706050844972
1.9910657142857142,1.1361285424232486,1.0401527246917994,-0.491925826393675,0.030394138342283945
1.9932928571428572,1.1349178707599639,1.040125361766134,-0.4872520523072286,0.0339020330698561
1.99552,1.1337161313465662,1.0400189856290816,-0.4824479207084142,0.037761395226839585
1.997747142857143,1.1326356129305704,1.0399347827945438,-0.4774008844829317,0.04188673362122789
1.9999742857142857,1.131604145390647,1.0399704487153463,-0.4720067094045315,0.04614416951325878
2.0022014285714285,1.1305921302182333,1.0400235496929715,-0.46618075176702034,0.05035610065952993
2.0044285714285714,1.129458223070417,1.0400978790862219,-0.4598677037568678,0.05431283615018798
2.0066557142857144,1.1283488628183096,1.0401677817617143,-0.453048796711576,0.057790178886935904
2.008882857142857,1.127341519015176,1.040378319859505,-0.445745731504599,0.060570986453468305
2.01111,1.126376463992255,1.0406332623107093,-0.4380209673430833,0.06246809099082704
2.013337142857143,1.125440588951111,1.0409096837895255,-0.4299744051913392,0.06334570475717223
2.015564285714286,1.124414963211332,1.0411218240431375,-0.4217369011228454,0.06313660673697857
2.0177914285714285,1.1233830200604034,1.0412874577556337,-0.4134613848440244,0.061852948765066564
2.0200185714285714,1.122557986702238,1.0413637696163995,-0.4053125878487609,0.059589329368827854
2.0222457142857144,1.1218080144609723,1.0414340809583662,-0.3974564625439384,0.05651771971708565
2.024472857142857,1.121134665455137,1.041492790205138,-0.39005027799829695,0.05287474756854409
2.0267,1.1203328967094424,1.0415541630983354,-0.3832341244987532,0.048942636772026676
2.028927142857143,1.1193300244127002,1.041660061597824,-0.3771242062174372,0.04502568822743146
2.031154285714286,1.1182829108919417,1.0417962528126579,-0.37180794339493395,0.04142454359925454
2.0333814285714285,1.117239831549781,1.041959015045847,-0.3673406445224368,0.038410599850223784
2.0356085714285714,1.1165082161085944,1.042129180754934,-0.363743414894796,0.0362028632751305
2.0378357142857144,1.1158175681318556,1.0421989518404007,-0.36100204803994296,0.034949272205845844
2.040062857142857,1.1151194675990512,1.0422061882189342,-0.35906684350604606,0.034714101206136216
2.04229,1.11426220202446,1.0422069655827113,-0.357853513565399,0.035472510675288026
2.044517142857143,1.1134223486355372,1.0422895253556115,-0.3572454916915483,0.03711265933649496
2.046744285714286,1.11267326603617,1.0424218342985425,-0.35709798235735934,0.039445106218796516
2.0489714285714284,1.1119076776504517,1.0425255439111163,-0.3572439860268739,0.0422185630812884
2.0511985714285714,1.1110988486494338,1.0425982779094152,-0.35750232307054475,0.045140492671062925
2.0534257142857144,1.1102535121781485,1.0426771712473462,-0.3576874130493637,0.04790064752707373
2.055652857142857,1.1094177646296366,1.0428102467570988,-0.3576202924502247,0.05019545048412078
2.05788,1.108614121028355,1.0429911910636085,-0.35714011830078524,0.051751145559188354
2.060107142857143,1.1078845339162011,1.0431970132248742,-0.3561152376955877,0.05234388221657954
2.062334285714286,1.1071895967892238,1.0433523144211088,-0.35445282110293724,0.05181529776619611
2.0645614285714284,1.1064724186147963,1.0434617072684425,-0.3521060687363761,0.05008267291994998
2.0667885714285714,1.1056371739251272,1.0435434408358164,-0.3490781106134391,0.0471432842098438
2.0690157142857144,1.1047337836197444,1.0435838227272032,-0.34542193897482115,0.0430730942481026
2.071242857142857,1.1038649937084748,1.0436745343038012,-0.3412360378919075,0.03802034943794858
2.07347,1.1030058547088077,1.0437041890280587,-0.3366557930652617,0.03219495927016777
2.075697142857143,1.1022415218353272,1.043720309615135,-0.33184123147506733,0.02585470133467823
2.077924285714286,1.1016450649329594,1.0437605973993027,-0.3269620864301249,0.01928934322922352
2.0801514285714284,1.1010743844849724,1.0438274463755746,-0.322181530734283,0.012803723284491737
2.0823785714285714,1.1005336834703174,1.043913426399231,-0.3176401086011199,0.006700719957828021
2.0846057142857144,1.0998135543550764,1.043925508379936,-0.31344140403429505,0.0012648979974176915
2.086832857142857,1.099001113653183,1.043889362028667,-0.3096408313105093,-0.0032525242778140766
2.08906,1.0982137897355218,1.0438552332435336,-0.3062386703324753,-0.006646867715542146
2.091287142857143,1.0974628386156902,1.0438367316041675,-0.3031781433180877,-0.008770919847764538
2.093514285714286,1.0968072523389545,1.043856297986848,-0.3003489637258175,-0.00954322597071021
2.0957414285714284,1.096198956864221,1.043862383229392,-0.29759638078660067,-0.008953386521803797
2.0979685714285714,1.095601679461343,1.043867665205683,-0.294735279701304,-0.0070639884039398766
2.1001957142857144,1.0950288804258619,1.043961943098477,-0.2915683783378145,-0.0040087803298519105
2.102422857142857,1.0944718705586025,1.0440012783493313,-0.28790701959071097,1.327577662000077e-5
2.10465,1.0939281918321337,1.0439325995956152,-0.28359256706075847,0.0047483330320594805
2.106877142857143,1.0933023997034348,1.0437366736446108,-0.27851607135390233,0.009902375174347177
2.109104285714286,1.092598796265466,1.0435577747310911,-0.272633790889591,0.015159922163883453
2.1113314285714284,1.0918011657169886,1.0434803607293537,-0.26597640478374124,0.0202057885301876
2.1135585714285714,1.0910531243256159,1.0434369954892568,-0.258650370559869,0.0247483576336603
2.1157857142857144,1.090390428474971,1.0434932414974487,-0.2508308046763349,0.02854229822091655
2.1180128571428574,1.0898451953956059,1.0436347603116718,-0.24274637116513173,0.031408318993046296
2.12024,1.089359817641122,1.043848698769297,-0.23465777196617588,0.03324755735882632
2.122467142857143,1.0888800681999753,1.0440709256274359,-0.2268323491196657,0.0340485968773794
2.124694285714286,1.0884659032140458,1.0442484718220575,-0.21951787452442742,0.033885886580335964
2.1269214285714284,1.0880208855015892,1.0443908212014608,-0.21291872460155856,0.03290938939263283
2.1291485714285714,1.0876209741319929,1.0444845373460223,-0.2071773017481792,0.03132644440150659
2.1313757142857144,1.0872313531126294,1.0445125871726444,-0.2023628331841365,0.02937788793510229
2.1336028571428574,1.0868226678712027,1.0443978342158453,-0.19846866899477436,0.027311255855284183
2.13583,1.0864007272379739,1.044339564834322,-0.1954180674411665,0.025354253923349834
2.138057142857143,1.085945066043309,1.0443274815593446,-0.19307736006187912,0.023691585700438476
2.140284285714286,1.0854926434585026,1.0444151245185307,-0.19127448284832504,0.022447706598259672
2.1425114285714284,1.0850191460336958,1.0444868584871292,-0.189820262007684,0.021677238216688013
2.1447385714285714,1.0845287832873207,1.044516049197742,-0.18852962508491822,0.02136377846367998
2.1469657142857144,1.084020892551967,1.0445463621446065,-0.18724008522142294,0.02142683348196202
2.1491928571428573,1.0835588327475956,1.044619334425245,-0.18582537502547303,0.021735706272907725
2.15142,1.083111612388066,1.0447305376699993,-0.18420289406998072,0.022128494389536617
2.153647142857143,1.0826154712608882,1.044781983954566,-0.18233455380675387,0.022433923518420735
2.155874285714286,1.0822274067742483,1.0448036214453833,-0.1802215168363217,0.022493585767937616
2.1581014285714284,1.0819047221115656,1.04480121750491,-0.17789410604544578,0.022182242127107156
2.1603285714285714,1.0816247977529254,1.0448551391703742,-0.17539870652208114,0.021424150315943115
2.1625557142857144,1.0813429341656822,1.0449649203164237,-0.17278374773879157,0.020203846743525874
2.1647828571428573,1.0808779215131488,1.0450917381729397,-0.1700868319899835,0.018570397935890763
2.16701,1.08044230055809,1.0451917069639478,-0.16732480457427845,0.01663479467321626
2.169237142857143,1.0800402058873857,1.0452628897087914,-0.16448810261961924,0.01456083741656224
2.171464285714286,1.0797005900314876,1.045249719279153,-0.16154013953784957,0.01255049215786181
2.1736914285714284,1.079424903188433,1.045242984652519,-0.1584218425884152,0.010825215508938894
2.1759185714285714,1.0790572236265457,1.0452042296613968,-0.15506081812095696,0.009605098719323425
2.1781457142857144,1.0786810291154045,1.0452337116343635,-0.15138402934506162,0.00908782643534481
2.1803728571428573,1.0783717700072697,1.045235417808805,-0.14733239574763424,0.009429382173208743
2.1826,1.0780200031825475,1.0452692584480558,-0.14287542223165856,0.010728183908248005
2.184827142857143,1.0777204024791718,1.0453550471237727,-0.1380238884541989,0.013013947055544662
2.187054285714286,1.077354028088706,1.045428569504193,-0.13283879805438367,0.01624210494619304
2.1892814285714284,1.0770118913991114,1.045458171248436,-0.1274351923061092,0.020294122728347515
2.1915085714285714,1.076770588874817,1.0454386313472475,-0.12198002596048231,0.02498356366287279
2.1937357142857143,1.0765195838042667,1.0454902651480267,-0.1166840077746767,0.030067339698013822
2.1959628571428573,1.0762884715625218,1.0455864432028361,-0.11178803077867035,0.03526122416381789
2.19819,1.0760391893046244,1.0457429623603822,-0.10754546335750326,0.04025843938532879
2.200417142857143,1.07580523954119,1.0458215086289815,-0.10420206176182055,0.044749964474774015
2.202644285714286,1.0755647091524942,1.0458865357467104,-0.10197554229919314,0.04844513746613369
2.2048714285714284,1.0753592044966562,1.045948286311967,-0.10103689041790241,0.05109114057430905
2.2070985714285714,1.0752045192377906,1.046027752161026,-0.1014952857791606,0.05249004232662799
2.2093257142857143,1.075077102252415,1.0461349709544863,-0.10338811543480023,0.05251221416581324
2.2115528571428573,1.074926058258329,1.046238902909415,-0.10667698384117001,0.05110514058505783
2.21378,1.0746615507262094,1.0463997801201685,-0.11124998095498605,0.04829690872240353
2.216007142857143,1.0743521334443773,1.0465371763706206,-0.11692982164648343,0.04419400379232003
2.218234285714286,1.0740427161625452,1.046674572621073,-0.1234869028471407,0.03897344776188523
2.2204614285714284,1.0737407491888318,1.0467683842352458,-0.13065590434120844,0.032869777873239754
2.2226885714285713,1.0734027586664474,1.0467940092938288,-0.1381543221148158,0.02615782646945098
2.2249157142857143,1.0730647681440628,1.0468196343524117,-0.14570127514807024,0.019132678643736196
2.2271428571428573,1.072726777621678,1.0468452594109945,-0.15303504532710518,0.01208849277268663
